Track ID,From Track,Signal Name,Direction,Station ID,Next Station,Distance to Station,Length,Trip Count,Trip Total,Percent,Is Revenue,Line
TFIN2T,TFNS30TA,NA614(X32),2,FIN,FIN2,0,164.2872,0,30171.1944,0,1,1
TFIN10TA,TFIN2T,S609(X10),2,NYC,NYC2,1265.2248,149.352,164.2872,30171.1944,0.005445167,1,1
TFIN603T,TFIN10TA,NA604(X14),2,NYC,NYC2,1115.8728,64.3128,313.6392,30171.1944,0.010395319,1,1
TFIN601T,TFIN603T,S601,2,NYC,NYC2,1051.56,188.976,377.952,30171.1944,0.012526915,1,1
TFIN595T,TFIN601T,S595,2,NYC,NYC2,862.584,164.592,566.928,30171.1944,0.018790373,1,1
TNYC591T,TFIN595T,S591,2,NYC,NYC2,697.992,140.208,731.52,30171.1944,0.024245643,1,1
TNYC585T,TNYC591T,S585,2,NYC,NYC2,557.784,182.88,871.728,30171.1944,0.028892724,1,1
TNYC579T,TNYC585T,S579,2,NYC,NYC2,374.904,182.88,1054.608,30171.1944,0.034954135,1,1
TNYC573T,TNYC579T,S573,2,NYC,NYC2,192.024,192.024,1237.488,30171.1944,0.041015546,1,1
TNYC567T,TNYC573T,S567,2,NYC,NYC2,0,158.496,1429.512,30171.1944,0.047380027,1,1
TSHP563T,TNYC567T,S563,2,SHP,SHP2,651.0528,106.68,1588.008,30171.1944,0.052633249,1,1
TSHP559T,TSHP563T,S559,2,SHP,SHP2,544.3728,70.104,1694.688,30171.1944,0.056169072,1,1
TSHP42T,TSHP559T,S557(X42),2,SHP,SHP2,474.2688,131.064,1764.792,30171.1944,0.058492613,1,1
TSHP553T,TSHP42T,S553,2,SHP,SHP2,343.2048,155.448,1895.856,30171.1944,0.062836624,1,1
TSHP38T,TSHP553T,S547(X38),2,SHP,SHP2,187.7568,187.7568,2051.304,30171.1944,0.067988823,1,1
TSHP30T,TSHP38T,S543(X30),2,SHP,SHP2,0,159.1056,2239.0608,30171.1944,0.074211871,1,1
TSHP10TA,TSHP30T,S537(X10),2,YKM,YKM2,1795.8816,180.4416,2398.1664,30171.1944,0.079485299,1,1
TSHP531T,TSHP10TA,NA530(X14)*,2,YKM,YKM2,1615.44,121.92,2578.608,30171.1944,0.085465891,1,1
TSHP527T,TSHP531T,S527,2,YKM,YKM2,1493.52,213.36,2700.528,30171.1944,0.089506831,1,1
TSHP517T,TSHP527T,S517,2,YKM,YKM2,1280.16,320.04,2913.888,30171.1944,0.096578477,1,1
TSHP509T,TSHP517T,S509GT,2,YKM,YKM2,960.12,150.876,3233.928,30171.1944,0.107185946,1,1
TYKM503T,TSHP509T,S503GT,2,YKM,YKM2,809.244,182.88,3384.804,30171.1944,0.112186609,1,1
TYKM497T,TYKM503T,S497,2,YKM,YKM2,626.364,169.164,3567.684,30171.1944,0.11824802,1,1
TYKM60T,TYKM497T,S493(x60),2,YKM,YKM2,457.2,152.4,3736.848,30171.1944,0.123854825,1,1
TYKM58T,TYKM60T,S487(X58),2,YKM,YKM2,304.8,152.4,3889.248,30171.1944,0.128906,1,1
TYKM56T,TYKM58T,S483(X56),2,YKM,YKM2,152.4,152.4,4041.648,30171.1944,0.133957176,1,1
TYKM54T,TYKM56T,S477GT(X54),2,YKM,YKM2,0,160.9344,4194.048,30171.1944,0.139008352,1,1
TYKM48TB,TYKM54T,S471GT(X48),2,LAW,LAW2,1759.3056,82.9056,4354.9824,30171.1944,0.144342393,1,1
TYKM469T,TYKM48TB,S469*,2,LAW,LAW2,1676.4,121.92,4437.888,30171.1944,0.147090233,1,1
TYKM38T,TYKM469T,S465(X38),2,LAW,LAW2,1554.48,60.96,4559.808,30171.1944,0.151131173,1,1
TYKM463T,TYKM38T,S463*,2,LAW,LAW2,1493.52,106.68,4620.768,30171.1944,0.153151643,1,1
TYKM14TA,TYKM463T,S459(X14),2,LAW,LAW2,1386.84,73.7616,4727.448,30171.1944,0.156687466,1,1
TYKM457T,TYKM14TA,NA458(X8),2,LAW,LAW2,1313.0784,240.792,4801.2096,30171.1944,0.159132235,1,1
TYKM449T,TYKM457T,S449,2,LAW,LAW2,1072.2864,340.7664,5042.0016,30171.1944,0.167113092,1,1
TLAW439T,TYKM449T,S439,2,LAW,LAW2,731.52,316.992,5382.768,30171.1944,0.178407521,1,1
TLAW427T,TLAW439T,S427,2,LAW,LAW2,414.528,128.016,5699.76,30171.1944,0.188913966,1,1
TLAW423T,TLAW427T,S423,2,LAW,LAW2,286.512,152.4,5827.776,30171.1944,0.193156954,1,1
TLAW20T,TLAW423T,S419(X20),2,LAW,LAW2,134.112,134.112,5980.176,30171.1944,0.198208129,1,1
TLAW18T,TLAW20T,S415(X18),2,LAW,LAW2,0,162.7632,6114.288,30171.1944,0.202653164,1,1
TLAW16TA,TLAW18T,S409(X16),2,EGL,EGL2,2175.0528,138.0744,6277.0512,30171.1944,0.208047819,1,1
TLAW403T,TLAW16TA,NA404(X12),2,EGL,EGL2,2036.9784,162.4584,6415.1256,30171.1944,0.212624184,1,1
TLAW399T,TLAW403T,S399,2,EGL,EGL2,1874.52,219.456,6577.584,30171.1944,0.218008737,1,1
TLAW393T,TLAW399T,S393,2,EGL,EGL2,1655.064,353.568,6797.04,30171.1944,0.22528243,1,1
TLAW381T,TLAW393T,S381,2,EGL,EGL2,1301.496,457.2,7150.608,30171.1944,0.237001158,1,1
TEGL365T,TLAW381T,S365,2,EGL,EGL2,844.296,457.2,7607.808,30171.1944,0.252154684,1,1
TEGL68T,TEGL365T,S551ST(X68),2,EGL,EGL2,387.096,121.92,8065.008,30171.1944,0.267308211,1,1
TEGL66T,TEGL68T,S347(X66),2,EGL,EGL2,265.176,124.968,8186.928,30171.1944,0.271349151,1,1
TEGL64TA,TEGL66T,S341(X64),2,EGL,EGL2,140.208,140.208,8311.896,30171.1944,0.275491115,1,1
TEGL44T,TEGL64TA,S337ST(X56),2,EGL,EGL2,0,160.6296,8452.104,30171.1944,0.280138197,1,1
TEGL100ATA,TEGL44T,S331(X1),2,DAV,DAV2,731.52,61.8744,8612.7336,30171.1944,0.285462136,1,1
TEGL1T,TEGL100ATA,NA330(X44)*,2,DAV,DAV2,669.6456,161.544,8674.608,30171.1944,0.287512913,1,1
TDVV5T,TEGL1T,S325GT(X5),2,DAV,DAV2,508.1016,51.816,8836.152,30171.1944,0.292867159,1,1
TDVV323T,TDVV5T,S323*,2,DAV,DAV2,456.2856,188.0616,8887.968,30171.1944,0.294584559,1,1
TDVV103ATD,TDVV323T,S317(X7),2,DAV,DAV2,268.224,137.4648,9076.0296,30171.1944,0.30081771,1,1
TDVV7T,TDVV103ATD,S313,2,DAV,DAV2,130.7592,130.7592,9213.4944,30171.1944,0.30537387,1,1
TDVV9T,TDVV7T,S307(X9),2,DAV,DAV2,0,155.448,9344.2536,30171.1944,0.309707779,1,1
TDVV11T,TDVV9T,S303(X11),2,STC,STC2,963.4728,119.7864,9499.7016,30171.1944,0.314859978,1,1
TDVV111TA,TDVV11T,S299*,2,STC,STC2,843.6864,60.96,9619.488,30171.1944,0.318830202,1,1
TDVV112ATA,TDVV111TA,S297*,2,STC,STC2,782.7264,47.244,9680.448,30171.1944,0.320850672,1,1
TDVV21T,TDVV112ATA,S295(X14),2,STC,STC2,735.4824,87.4776,9727.692,30171.1944,0.322416536,1,1
TDVV293T,TDVV21T,S293,2,STC,STC2,648.0048,139.5984,9815.1696,30171.1944,0.325315911,1,1
TSTC289T,TDVV293T,S289,2,STC,STC2,508.4064,165.8112,9954.768,30171.1944,0.329942788,1,1
TSTC283T,TSTC289T,S283,2,STC,STC2,342.5952,138.9888,10120.5792,30171.1944,0.335438467,1,1
TSTC279T,TSTC283T,S279,2,STC,STC2,203.6064,203.6064,10259.568,30171.1944,0.340045139,1,1
TSTC271T,TSTC279T,S271GT,2,STC,STC2,0,162.4584,10463.1744,30171.1944,0.34679351,1,1
TSTC267T,TSTC271T,S267,2,SUM,SUM2,620.5728,144.1704,10625.6328,30171.1944,0.352178063,1,1
TSTC261T,TSTC267T,S261,2,SUM,SUM2,476.4024,102.4128,10769.8032,30171.1944,0.356956475,1,1
TSUM257T,TSTC261T,S257,2,SUM,SUM2,373.9896,103.632,10872.216,30171.1944,0.360350865,1,1
TSUM255T,TSUM257T,S255GT,2,SUM,SUM2,270.3576,45.72,10975.848,30171.1944,0.363785664,1,1
TSUM253T,TSUM255T,S253*,2,SUM,SUM2,224.6376,224.6376,11021.568,30171.1944,0.365301017,1,1
TSUM245T,TSUM253T,S245,2,SUM,SUM2,0,174.9552,11246.2056,30171.1944,0.37274645,1,1
TSUM239T,TSUM245T,S239,2,ROS,ROS2,412.3944,127.7112,11421.1608,30171.1944,0.378545199,1,1
TSUM235T,TSUM239T,S235,2,ROS,ROS2,284.6832,77.4192,11548.872,30171.1944,0.382778085,1,1
TROS233T,TSUM235T,S233,2,ROS,ROS2,207.264,65.8368,11626.2912,30171.1944,0.385344082,1,1
TROS231T,TROS233T,S231*,2,ROS,ROS2,141.4272,141.4272,11692.128,30171.1944,0.38752619,1,1
TROS227T,TROS231T,S227,2,ROS,ROS2,0,166.116,11833.5552,30171.1944,0.39221368,1,1
TROS5T,TROS227T,S221(x5),2,BLO,BLO2,579.4248,161.8488,11999.6712,30171.1944,0.397719462,1,1
TBLO215T,TROS5T,S215,2,BLO,BLO2,417.576,171.6024,12161.52,30171.1944,0.40308381,1,1
TBLO211T,TBLO215T,S211,2,BLO,BLO2,245.9736,88.392,12333.1224,30171.1944,0.408771434,1,1
TBLO3TA,TBLO211T,S207,2,BLO,BLO2,157.5816,157.5816,12421.5144,30171.1944,0.411701116,1,1
TBLO201T,TBLO3TA,NA202,2,BLO,BLO2,0,170.688,12579.096,30171.1944,0.416924031,1,1
TBLO7T,TBLO201T,S197(X7),2,WEL,WEL2,377.6472,131.064,12749.784,30171.1944,0.422581348,1,1
TBLO193T,TBLO7T,S193,2,WEL,WEL2,246.5832,120.7008,12880.848,30171.1944,0.426925359,1,1
TBLO189T,TBLO193T,S189,2,WEL,WEL2,125.8824,92.6592,13001.5488,30171.1944,0.43092589,1,1
TWEL185T,TBLO189T,S185**,2,WEL,WEL2,33.2232,33.2232,13094.208,30171.1944,0.433997005,1,1
TWEL183T,TWEL185T,S183,2,WEL,WEL2,0,167.3352,13127.4312,30171.1944,0.435098161,1,1
TWEL179T,TWEL183T,S179,2,COL,COL2,364.236,116.4336,13294.7664,30171.1944,0.440644352,1,1
TWEL175T,TWEL179T,S175,2,COL,COL2,247.8024,95.7072,13411.2,30171.1944,0.44450345,1,1
TCOL171T,TWEL175T,S171,2,COL,COL2,152.0952,74.9808,13506.9072,30171.1944,0.447675588,1,1
TCOL169T,TCOL171T,S169**,2,COL,COL2,77.1144,77.1144,13581.888,30171.1944,0.450160767,1,1
TCOL167T,TCOL169T,S167,2,COL,COL2,0,163.9824,13659.0024,30171.1944,0.452716661,1,1
TCOL161T,TCOL167T,S161,2,DUN,DUN2,330.4032,117.6528,13822.9848,30171.1944,0.458151726,1,1
TDUN155T,TCOL161T,S155,2,DUN,DUN2,212.7504,128.9304,13940.6376,30171.1944,0.462051234,1,1
TDUN153T,TDUN155T,S153**,2,DUN,DUN2,83.82,83.82,14069.568,30171.1944,0.466324528,1,1
TDUN151T,TDUN153T,S151,2,DUN,DUN2,0,167.3352,14153.388,30171.1944,0.469102675,1,1
TDUN145T,TDUN151T,S145,2,QUN,QUN2,270.9672,84.1248,14320.7232,30171.1944,0.474648866,1,1
TQUN141T,TDUN145T,S141,2,QUN,QUN2,186.8424,152.4,14404.848,30171.1944,0.477437115,1,1
TQUN137T,TQUN141T,S137**,2,QUN,QUN2,34.4424,34.4424,14557.248,30171.1944,0.48248829,1,1
TQUN135T,TQUN137T,S135,2,QUN,QUN2,0,167.9448,14591.6904,30171.1944,0.483629856,1,1
TQUN131T,TQUN135T,S131,2,KNG,KNG2,308.1528,96.6216,14759.6352,30171.1944,0.489196251,1,1
TKNG127T,TQUN131T,S127,2,KNG,KNG2,211.5312,117.348,14856.2568,30171.1944,0.492398697,1,1
TKNG123T,TKNG127T,S123,2,KNG,KNG2,94.1832,94.1832,14973.6048,30171.1944,0.496288102,1,1
TKNG121T,TKNG123T,S121,2,KNG,KNG2,0,165.2016,15067.788,30171.1944,0.499409728,1,1
TKNG115T,TKNG121T,S115(X66),2,UNI,UNI2,298.0944,119.7864,15232.9896,30171.1944,0.504885203,1,1
TKNG111T,TKNG115T,S111(X64),2,UNI,UNI2,178.308,89.3064,15352.776,30171.1944,0.508855427,1,1
TUNI109TF,TKNG111T,S109(X62),2,UNI,UNI2,89.0016,89.0016,15442.0824,30171.1944,0.511815416,1,1
TUNI105T,TUNI109TF,S105(X56),2,UNI,UNI2,0,144.78,15531.084,30171.1944,0.514765302,1,1
TUNI101TB,TUNI105T,S101(X48),2,STA,STA2,362.712,21.336,15675.864,30171.1944,0.519563919,1,1
TUNI100T,TUNI101TB,U100GT,2,STA,STA2,341.376,105.2322,15697.2,30171.1944,0.520271083,1,1
TSTA96T,TUNI100T,U96GT(X38),2,STA,STA2,236.1438,115.443,15802.4322,30171.1944,0.52375892,1,1
TSTA92TA,TSTA96T,U92GT(X30),2,STA,STA2,120.7008,120.7008,15917.8752,30171.1944,0.527585186,1,1
TSTA88T,TSTA92TA,U88GT,2,STA,STA2,0,151.4856,16038.576,30171.1944,0.531585717,1,1
TSTA84T,TSTA88T,U84(X14),2,OSG,OSG2,237.744,130.1496,16190.0616,30171.1944,0.536606585,1,1
TOSG80TA,TSTA84T,U80(X12),2,OSG,OSG2,107.5944,107.5944,16320.2112,30171.1944,0.540920289,1,1
TOSG76T,TOSG80TA,U76,2,OSG,OSG2,0,156.972,16427.8056,30171.1944,0.544486419,1,1
TOSG70T,TOSG76T,U70,2,STP,STP2,269.4432,152.7048,16584.7776,30171.1944,0.54968913,1,1
TSTP66T,TOSG70T,U66,2,STP,STP2,116.7384,116.7384,16737.4824,30171.1944,0.554750408,1,1
TSTP62T,TSTP66T,U62,2,STP,STP2,0,158.496,16854.2208,30171.1944,0.558619608,1,1
TSTP56T,TSTP62T,U56,2,QPK,QPK2,479.1456,182.5752,17012.7168,30171.1944,0.563872831,1,1
TSTP50T,TSTP56T,U50,2,QPK,QPK2,296.5704,158.496,17195.292,30171.1944,0.569924139,1,1
TQPK46T,TSTP50T,U46,2,QPK,QPK2,138.0744,138.0744,17353.788,30171.1944,0.575177362,1,1
TQPK40T,TQPK46T,U40,2,QPK,QPK2,0,163.068,17491.8624,30171.1944,0.579753727,1,1
TQPK36T,TQPK40T,U36,2,MUS,MUS2,544.068,197.8152,17654.9304,30171.1944,0.585158485,1,1
TQPK28T,TQPK36T,U28,2,MUS,MUS2,346.2528,115.824,17852.7456,30171.1944,0.591714911,1,1
TQPK26T,TQPK28T,U26,2,MUS,MUS2,230.4288,116.1288,17968.5696,30171.1944,0.595553804,1,1
TMUS22T,TQPK26T,U22,2,MUS,MUS2,114.3,114.3,18084.6984,30171.1944,0.5994028,1,1
TMUS18T,TMUS22T,U18(X38),2,MUS,MUS2,0,157.5816,18198.9984,30171.1944,0.603191182,1,1
TMUSY12T,TMUS18T,Y12(X36),2,SGU,SGU2,488.442,90.8304,18356.58,30171.1944,0.608414097,1,1
TMUSY8TB,TMUSY12T,Y8(X30),2,SGU,SGU2,397.6116,72.2376,18447.4104,30171.1944,0.611424598,1,1
TSGUY7T,TMUSY8TB,Y7*,2,SGU,SGU2,325.374,12.13104,18519.648,30171.1944,0.613818855,1,1
TSGUY6T,TSGUY7T,Y6GTST(X20),2,SGU,SGU2,313.24296,115.88496,18531.77904,30171.1944,0.614220929,1,1
TSGUY4T,TSGUY6T,Y4GTST(X18),2,SGU,SGU2,197.358,44.196,18647.664,30171.1944,0.618061842,1,1
TSGUY2TE,TSGUY4T,Y2GTST(X16),2,SGU,SGU2,153.162,153.162,18691.86,30171.1944,0.619526683,1,1
TSGU98T,TSGUY2TE,Y470GT(X98),2,SGU,SGU2,0,152.7048,18845.022,30171.1944,0.624603115,1,1
TSGU94TB,TSGU98T,Y466(X94),2,SPA,SPA2,492.8616,153.6192,18997.7268,30171.1944,0.629664393,1,1
TSGU116T,TSGU94TB,SP2GT(X116),2,SPA,SPA2,339.2424,147.2184,19151.346,30171.1944,0.634755978,1,1
TSPA114T,TSGU116T,SP6GT(X114),2,SPA,SPA2,192.024,109.728,19298.5644,30171.1944,0.639635413,1,1
TSPA130T,TSPA114T,SP8GT(X130),2,SPA,SPA2,82.296,82.296,19408.2924,30171.1944,0.64327226,1,1
TSPA88T,TSPA130T,SP12GT(X88),2,SPA,SPA2,0,161.544,19490.5884,30171.1944,0.645999895,1,1
TSPA62TE,TSPA88T,SP16(X62),2,DUP,DUP2,401.1168,95.4024,19652.1324,30171.1944,0.651354141,1,1
TSPA8T,TSPA62TE,SPA21(X8),2,DUP,DUP2,305.7144,32.6136,19747.5348,30171.1944,0.654516177,1,1
TSPA22T,TSPA8T,SP22,2,DUP,DUP2,273.1008,67.056,19780.1484,30171.1944,0.655597128,1,1
TSPA24T,TSPA22T,SP24*,2,DUP,DUP2,206.0448,54.864,19847.2044,30171.1944,0.657819645,1,1
TDUP26T,TSPA24T,SP26,2,DUP,DUP2,151.1808,151.1808,19902.0684,30171.1944,0.659638069,1,1
TDUP30T,TDUP26T,SP30,2,DUP,DUP2,0,160.6296,20053.2492,30171.1944,0.664648835,1,1
TDUP36T,TDUP30T,SP36,2,SCW,SCW2,1279.5504,90.5256,20213.8788,30171.1944,0.669972774,1,1
TDUP38T,TDUP36T,SP38*,2,SCW,SCW2,1189.0248,124.968,20304.4044,30171.1944,0.672973172,1,1
TDUP42T,TDUP38T,SP42,2,SCW,SCW2,1064.0568,118.872,20429.3724,30171.1944,0.677115136,1,1
TDUP46T,TDUP42T,SP46*,2,SCW,SCW2,945.1848,152.4,20548.2444,30171.1944,0.681055053,1,1
TDUP52T,TDUP46T,SP52,2,SCW,SCW2,792.7848,274.32,20700.6444,30171.1944,0.686106229,1,1
TSCW60T,TDUP52T,SP60,2,SCW,SCW2,518.4648,206.44104,20974.9644,30171.1944,0.695198345,1,1
TSCW66T,TSCW60T,SP66,2,SCW,SCW2,312.02376,189.79896,21181.40544,30171.1944,0.702040667,1,1
TSCW72T,TSCW66T,SP72,2,SCW,SCW2,122.2248,122.2248,21371.2044,30171.1944,0.708331401,1,1
TSCW2T,TSCW72T,SP78GT(X2),2,SCW,SCW2,0,164.7444,21493.4292,30171.1944,0.712382444,1,1
TSCW4TB,TSCW2T,SP82(X4),2,EGW,EGW2,2461.4124,48.3108,21658.1736,30171.1944,0.717842765,1,1
TSCW84T,TSCW4TB,SP84*,2,EGW,EGW2,2413.1016,161.544,21706.4844,30171.1944,0.719443987,1,1
TSCW6TA,TSCW84T,SP90GT(X6),2,EGW,EGW2,2251.5576,101.4984,21868.0284,30171.1944,0.724798233,1,1
TSCW30T,TSCW6TA,SPA93(X38),2,EGW,EGW2,2150.0592,114.9096,21969.5268,30171.1944,0.728162316,1,1
TSCW96T,TSCW30T,SP96GT,2,EGW,EGW2,2035.1496,262.128,22084.4364,30171.1944,0.731970903,1,1
TSCW106T,TSCW96T,SP106GT,2,EGW,EGW2,1773.0216,255.4224,22346.5644,30171.1944,0.740658925,1,1
TSCW114T,TSCW106T,SP114,2,EGW,EGW2,1517.5992,262.7376,22601.9868,30171.1944,0.749124695,1,1
TEGW122T,TSCW114T,SP122,2,EGW,EGW2,1254.8616,243.84,22864.7244,30171.1944,0.757832922,1,1
TEGW130T,TEGW122T,SP130,2,EGW,EGW2,1011.0216,243.84,23108.5644,30171.1944,0.765914802,1,1
TEGW138T,TEGW130T,SP138,2,EGW,EGW2,767.1816,243.84,23352.4044,30171.1944,0.773996683,1,1
TEGW146T,TEGW138T,SP146,2,EGW,EGW2,523.3416,195.072,23596.2444,30171.1944,0.782078564,1,1
TEGW152T,TEGW146T,SP152GT,2,EGW,EGW2,328.2696,175.8696,23791.3164,30171.1944,0.788544069,1,1
TEGW158T,TEGW152T,SP158GT,2,EGW,EGW2,152.4,152.4,23967.186,30171.1944,0.794373126,1,1
TEGW164T,TEGW158T,SP164,2,EGW,EGW2,0,158.496,24119.586,30171.1944,0.799424301,1,1
TEGW168T,TEGW164T,SP168,2,GCN,GCN2,844.9056,189.8904,24278.082,30171.1944,0.804677524,1,1
TEGW174T,TEGW168T,SP174,2,GCN,GCN2,655.0152,170.688,24467.9724,30171.1944,0.810971289,1,1
TGCN180T,TEGW174T,SP180,2,GCN,GCN2,484.3272,195.072,24638.6604,30171.1944,0.816628605,1,1
TGCN186T,TGCN180T,SP186,2,GCN,GCN2,289.2552,152.4,24833.7324,30171.1944,0.82309411,1,1
TGCN192T,TGCN186T,SP192GT,2,GCN,GCN2,136.8552,136.8552,24986.1324,30171.1944,0.828145285,1,1
TGCN196T,TGCN192T,SP196,2,GCN,GCN2,0,156.3624,25122.9876,30171.1944,0.832681241,1,1
TGCN2T,TGCN196T,SP202(X2),2,LWW,LWW2,598.932,142.6464,25279.35,30171.1944,0.837863747,1,1
TLWW4T,TGCN2T,SP206(X4),2,LWW,LWW2,456.2856,135.9408,25421.9964,30171.1944,0.842591648,1,1
TLWW6TB,TLWW4T,SP210(X6),2,LWW,LWW2,320.3448,49.9872,25557.9372,30171.1944,0.847097296,1,1
TLWW212T,TLWW6TB,SP212*,2,LWW,LWW2,270.3576,153.924,25607.9244,30171.1944,0.848754082,1,1
TLWW18TA,TLWW212T,SP216(X18),2,LWW,LWW2,116.4336,116.4336,25761.8484,30171.1944,0.853855769,1,1
TLWW220T,TLWW18TA,SP220GT,2,LWW,LWW2,0,163.9824,25878.282,30171.1944,0.857714867,1,1
TLWW226T,TLWW220T,SP226,2,YKD,YKD2,956.4624,114.3,26042.2644,30171.1944,0.863149932,1,1
TLWW230T,TLWW226T,SP230*,2,YKD,YKD2,842.1624,146.304,26156.5644,30171.1944,0.866938314,1,1
TLWW234T,TLWW230T,SP234,2,YKD,YKD2,695.8584,188.976,26302.8684,30171.1944,0.871787442,1,1
TYKD242T,TLWW234T,SP242,2,YKD,YKD2,506.8824,225.552,26491.8444,30171.1944,0.8780509,1,1
TYKD248T,TYKD242T,SP248,2,YKD,YKD2,281.3304,132.588,26717.3964,30171.1944,0.88552664,1,1
TYKD254T,TYKD248T,SP254,2,YKD,YKD2,148.7424,148.7424,26849.9844,30171.1944,0.889921163,1,1
TYKD258T,TYKD254T,SP258,2,YKD,YKD2,0,154.5336,26998.7268,30171.1944,0.89485111,1,1
TYKD40T,TYKD258T,SP262(X40),2,WIL,WIL2,952.8048,143.256,27153.2604,30171.1944,0.899973002,1,1
TYKD268T,TYKD40T,SP268,2,WIL,WIL2,809.5488,140.208,27296.5164,30171.1944,0.904721107,1,1
TWIL272T,TYKD268T,SP272,2,WIL,WIL2,669.3408,231.648,27436.7244,30171.1944,0.909368189,1,1
TWIL22T,TWIL272T,SP280GTST(X22),2,WIL,WIL2,437.6928,134.112,27668.3724,30171.1944,0.917045975,1,1
TWIL20T,TWIL22T,SP284GTST(X20),2,WIL,WIL2,303.5808,79.248,27802.4844,30171.1944,0.92149101,1,1
TWIL18T,TWIL20T,SP286GTST(X18),2,WIL,WIL2,224.3328,67.056,27881.7324,30171.1944,0.924117621,1,1
TWIL16TE,TWIL18T,SP288GTST(X16),2,WIL,WIL2,157.2768,157.2768,27948.7884,30171.1944,0.926340139,1,1
TWIL4T,TWIL16TE,SP294GT,2,WIL,WIL2,0,123.1392,28106.0652,30171.1944,0.931552952,1,1
TWIL4AT,TWIL4T,SP298X8,2,SHW,SHW2,1941.99,31.930848,28229.2044,30171.1944,0.935634302,1,1
TWIL46T,TWIL4AT,SPA299GT(X4),2,SHW,SHW2,1910.059152,153.997152,28261.13525,30171.1944,0.936692624,1,1
TWIL50T,TWIL46T,SPA304GT(X50),2,SHW,SHW2,1756.062,118.872,28415.1324,30171.1944,0.941796736,1,1
TWYD92BTB,TWIL50T,SP308,2,SHW,SHW2,1637.19,8.29,28534.0044,30171.1944,0.945736653,1,1
TWYD64T,TWYD92BTB,SP309,2,SHW,SHW2,1628.9,220.6,28542.2944,30171.1944,0.946011418,1,1
TWYD68T,TWYD64T,SP314,2,SHW,SHW2,1408.3,239.03,28762.8944,30171.1944,0.953323028,1,1
TWYD76TA,TWYD68T,SP322,2,SHW,SHW2,1169.27,238.92,29001.9244,30171.1944,0.961245485,1,1
TWYD330T,TWYD76TA,SP330GT,2,SHW,SHW2,930.35,290.13,29240.8444,30171.1944,0.969164297,1,1
TWYD340T,TWYD330T,SP340GT,2,SHW,SHW2,640.22,185.4,29530.9744,30171.1944,0.978780422,1,1
TDWN22T,TWYD340T,SP346GTST(X22),2,SHW,SHW2,454.82,136.83,29716.3744,30171.1944,0.984925356,1,1
TDWN20T,TDWN22T,SP352GTST(X20),2,SHW,SHW2,317.99,77.52,29853.2044,30171.1944,0.989460477,1,1
TDWN18T,TDWN20T,SP354GTST(X18),2,SHW,SHW2,240.47,80.38,29930.7244,30171.1944,0.992029815,1,1
TDWN16TE,TDWN18T,SP356GTST(X16),2,SHW,SHW2,160.09,160.09,30011.1044,30171.1944,0.994693946,1,1
TDWN4T,TDWN16TE,SP362GTST(X4),2,SHW,SHW2,0,162.9,30171.1944,30171.1944,1,1,1
TDWN2T,TDWN32T,SPA366(X32),1,SHW,SHW1,0,165.95,0,30141.0968,0,1,1
TDWN10TA,TDWN2T,SPA361(X10),1,WIL,WIL1,1885.309152,164.12,165.95,30141.0968,0.005505772,1,1
TDWN14AT,TDWN10TA,SPA356(X14),1,WIL,WIL1,1721.189152,24.02,330.07,30141.0968,0.010950829,1,1
TDWN355T,TDWN14AT,SP355,1,WIL,WIL1,1697.169152,192.27,354.09,30141.0968,0.011747748,1,1
TWYD349T,TDWN355T,SP349,1,WIL,WIL1,1504.899152,208.87,546.36,30141.0968,0.018126746,1,1
TWYD178T,TWYD349T,SP341GT(X178),1,WIL,WIL1,1296.029152,264.83,755.23,30141.0968,0.025056487,1,1
TWYD176TE,TWYD178T,SP333(X176),1,WIL,WIL1,1031.199152,284.12,1020.06,30141.0968,0.03384283,1,1
TWYD82AT,TWYD176TE,SP323(X82),1,WIL,WIL1,747.079152,295.17,1304.18,30141.0968,0.043269162,1,1
TWYD66T,TWYD82AT,SP315,1,WIL,WIL1,451.909152,71.15,1599.35,30141.0968,0.053062104,1,1
TWYD95BTA,TWYD66T,SP311*,1,WIL,WIL1,380.759152,50,1670.5,30141.0968,0.055422668,1,1
TDWY92ATB,TWYD95BTA,SP310*,1,WIL,WIL1,330.759152,51.95,1720.5,30141.0968,0.057081533,1,1
TWYD91BTA,TDWY92ATB,SP309(X84),1,WIL,WIL1,278.809152,5.94,1772.45,30141.0968,0.058805093,1,1
TWIL48T,TWYD91BTA,SP308(X54),1,WIL,WIL1,272.869152,118.872,1778.39,30141.0968,0.059002166,1,1
TWIL44T,TWIL48T,SP305GT(X44),1,WIL,WIL1,153.997152,94.488,1897.262,30141.0968,0.062946017,1,1
TWIL2AT,TWIL44T,SP301*,1,WIL,WIL1,59.509152,59.509152,1991.75,30141.0968,0.066080873,1,1
TWIL2T,TWIL2AT,SP299GT(X2),1,WIL,WIL1,0,157.203648,2051.259152,30141.0968,0.068055226,1,1
TWIL10TA,TWIL2T,SP293(X10),1,YKD,YKD1,950.6712,140.0556,2208.4628,30141.0968,0.073270817,1,1
TWIL14AT,TWIL10TA,SPA290GT(X14),1,YKD,YKD1,810.6156,69.9516,2348.5184,30141.0968,0.077917483,1,1
TWIL287T,TWIL14AT,SP287,1,YKD,YKD1,740.664,195.072,2418.47,30141.0968,0.080238288,1,1
TWIL281T,TWIL287T,SP281,1,YKD,YKD1,545.592,225.552,2613.542,30141.0968,0.086710249,1,1
TYKD273T,TWIL281T,SP273GT,1,YKD,YKD1,320.04,164.592,2839.094,30141.0968,0.094193454,1,1
TYKD267T,TYKD273T,SP267GT,1,YKD,YKD1,155.448,155.448,3003.686,30141.0968,0.099654171,1,1
TYKD263T,TYKD267T,SP263GT,1,YKD,YKD1,0,157.2768,3159.134,30141.0968,0.104811514,1,1
TYKD257T,TYKD263T,SP257,1,LWW,LWW1,952.1952,77.4192,3316.4108,30141.0968,0.110029533,1,1
TYKD255T,TYKD257T,SP255*,1,LWW,LWW1,874.776,167.64,3393.83,30141.0968,0.112598092,1,1
TYKD249T,TYKD255T,SP249,1,LWW,LWW1,707.136,173.736,3561.47,30141.0968,0.118159934,1,1
TLWW243T,TYKD249T,SP243,1,LWW,LWW1,533.4,152.4,3735.206,30141.0968,0.123924024,1,1
TLWW239T,TLWW243T,SP239GT,1,LWW,LWW1,381,213.36,3887.606,30141.0968,0.128980243,1,1
TLWW36T,TLWW239T,SP231GT(X36),1,LWW,LWW1,167.64,167.64,4100.966,30141.0968,0.136058951,1,1
TLWW34T,TLWW36T,SP227GT(X34),1,LWW,LWW1,0,167.0304,4268.606,30141.0968,0.141620792,1,1
TLWW32TB,TLWW34T,SP221(X32),1,GCN,GCN1,595.884,183.7944,4435.6364,30141.0968,0.147162409,1,1
TLWW26TA,TLWW32TB,SP215GT(X26),1,GCN,GCN1,412.0896,163.068,4619.4308,30141.0968,0.153260209,1,1
TLWW209T,TLWW26TA,SP209GT,1,GCN,GCN1,249.0216,117.0432,4782.4988,30141.0968,0.158670364,1,1
TGCN205T,TLWW209T,SP205GT,1,GCN,GCN1,131.9784,131.9784,4899.542,30141.0968,0.162553541,1,1
TGCN201T,TGCN205T,SP201,1,GCN,GCN1,0,157.5816,5031.5204,30141.0968,0.166932227,1,1
TGCN197T,TGCN201T,SP197,1,EGW,EGW1,845.2104,94.488,5189.102,30141.0968,0.172160357,1,1
TGCN193T,TGCN197T,SP193*,1,EGW,EGW1,750.7224,152.4,5283.59,30141.0968,0.175295214,1,1
TGCN187T,TGCN193T,SP187,1,EGW,EGW1,598.3224,195.072,5435.99,30141.0968,0.180351433,1,1
TEGW183T,TGCN187T,SP183,1,EGW,EGW1,403.2504,143.256,5631.062,30141.0968,0.186823394,1,1
TEGW177T,TEGW183T,SP177,1,EGW,EGW1,259.9944,143.256,5774.318,30141.0968,0.19157624,1,1
TEGW173T,TEGW177T,SP173GT,1,EGW,EGW1,116.7384,116.7384,5917.574,30141.0968,0.196329086,1,1
TEGW169T,TEGW173T,SP169,1,EGW,EGW1,0,158.496,6034.3124,30141.0968,0.200202151,1,1
TEGW163T,TEGW169T,SP163,1,SCW,SCW1,2399.9952,127.1016,6192.8084,30141.0968,0.205460619,1,1
TEGW159T,TEGW163T,SP159*,1,SCW,SCW1,2335.8348,122.5296,6319.91,30141.0968,0.209677506,1,1
TEGW155T,TEGW159T,SP155GT,1,SCW,SCW1,2213.3052,121.3104,6442.4396,30141.0968,0.213742706,1,1
TEGW151T,TEGW155T,SP151*,1,SCW,SCW1,2091.9948,120.396,6563.75,30141.0968,0.217767457,1,1
TEGW147T,TEGW151T,SP147,1,SCW,SCW1,1971.5988,219.456,6684.146,30141.0968,0.22176187,1,1
TEGW139T,TEGW147T,SP139,1,SCW,SCW1,1752.1428,214.884,6903.602,30141.0968,0.229042826,1,1
TEGW133T,TEGW139T,SP133,1,SCW,SCW1,1537.2588,153.0096,7118.486,30141.0968,0.236172096,1,1
TEGW127T,TEGW133T,SP127,1,SCW,SCW1,1384.2492,188.3664,7271.4956,30141.0968,0.24124854,1,1
TEGW121T,TEGW127T,SP121,1,SCW,SCW1,1195.8828,219.456,7459.862,30141.0968,0.247498027,1,1
TSCW115T,TEGW121T,SP115,1,SCW,SCW1,976.4268,199.644,7679.318,30141.0968,0.254778983,1,1
TSCW107T,TSCW115T,SP107GT,1,SCW,SCW1,776.7828,166.116,7878.962,30141.0968,0.261402631,1,1
TSCW36T,TSCW107T,SP103GT(X36),1,SCW,SCW1,610.6668,139.5984,8045.078,30141.0968,0.26691391,1,1
TSCW34T,TSCW36T,SP97GT(X34),1,SCW,SCW1,471.0684,149.9616,8184.6764,30141.0968,0.271545407,1,1
TSCW32TB,TSCW34T,SP93GT(X32),1,SCW,SCW1,321.1068,118.872,8334.638,30141.0968,0.276520727,1,1
TSCW89T,TSCW32TB,SP89*,1,SCW,SCW1,202.2348,61.8744,8453.51,30141.0968,0.280464578,1,1
TSCW28T,TSCW89T,SP87GT(X28),1,SCW,SCW1,140.3604,77.4192,8515.3844,30141.0968,0.282517403,1,1
TSCW26TA,TSCW28T,SP85GT(X26),1,SCW,SCW1,62.9412,62.9412,8592.8036,30141.0968,0.285085963,1,1
TSCW83T,TSCW26TA,SP83GT,1,SCW,SCW1,0,163.2204,8655.7448,30141.0968,0.287174181,1,1
TSCW38T,TSCW83T,SP77(X38),1,DUP,DUP1,1279.5504,152.7048,8818.9652,30141.0968,0.292589392,1,1
TSCW71T,TSCW38T,SP71,1,DUP,DUP1,1126.8456,219.456,8971.67,30141.0968,0.297655724,1,1
TSCW65T,TSCW71T,SP65,1,DUP,DUP1,907.3896,359.664,9191.126,30141.0968,0.30493668,1,1
TDUP53T,TSCW65T,SP53,1,DUP,DUP1,547.7256,243.84,9550.79,30141.0968,0.316869358,1,1
TDUP45T,TDUP53T,SP45,1,DUP,DUP1,303.8856,152.4,9794.63,30141.0968,0.324959309,1,1
TDUP39T,TDUP45T,SP39,1,DUP,DUP1,151.4856,151.4856,9947.03,30141.0968,0.330015529,1,1
TDUP35T,TDUP39T,SP35,1,DUP,DUP1,0,160.9344,10098.5156,30141.0968,0.335041411,1,1
TDUP128T,TDUP35T,SP29(X128),1,SPA,SPA1,402.6408,121.0056,10259.45,30141.0968,0.340380779,1,1
TDUP126T,TDUP128T,SP25ST(X126),1,SPA,SPA1,281.6352,77.724,10380.4556,30141.0968,0.344395417,1,1
TSPA124T,TDUP126T,SP23(X124),1,SPA,SPA1,203.9112,67.9704,10458.1796,30141.0968,0.346974089,1,1
TSPA21TA,TSPA124T,SP21*,1,SPA,SPA1,135.9408,135.9408,10526.15,30141.0968,0.349229163,1,1
TSPA17T,TSPA21TA,SP17,1,SPA,SPA1,0,160.6296,10662.0908,30141.0968,0.353739311,1,1
TSPA120T,TSPA17T,SP11(X120),1,SGU,SGU1,472.2876,130.1496,10822.7204,30141.0968,0.359068566,1,1
TSPA7T,TSPA120T,SP7*,1,SGU,SGU1,342.138,54.864,10952.87,30141.0968,0.363386577,1,1
TSGU118T,TSPA7T,SP5(X118),1,SGU,SGU1,287.274,134.112,11007.734,30141.0968,0.365206816,1,1
TSGU90TA,TSGU118T,SP1GT(X90),1,SGU,SGU1,153.162,153.162,11141.846,30141.0968,0.369656289,1,1
TSGU2T,TSGU90TA,Y465GT(X2),1,SGU,SGU1,0,156.8958,11295.008,30141.0968,0.37473779,1,1
TSGUY471TA,TSGU2T,Y471(X10),1,MUS,MUS1,511.3782,147.1422,11451.9038,30141.0968,0.379943168,1,1
TSGUY1T,TSGUY471TA,Y1,1,MUS,MUS1,364.236,59.8932,11599.046,30141.0968,0.384824948,1,1
TSGUY3T,TSGUY1T,Y3*,1,MUS,MUS1,304.3428,61.02096,11658.9392,30141.0968,0.386812042,1,1
TSGUY5T,TSGUY3T,Y5GT(X22),1,MUS,MUS1,243.32184,102.65664,11719.96016,30141.0968,0.388836552,1,1
TMUSY9T,TSGUY5T,Y9GT(X24),1,MUS,MUS1,140.6652,80.1624,11822.6168,30141.0968,0.392242422,1,1
TMUSY11TA,TMUSY9T,Y11*,1,MUS,MUS1,60.5028,60.5028,11902.7792,30141.0968,0.394901993,1,1
TMUS13T,TMUSY11TA,U13GT,1,MUS,MUS1,0,138.2268,11963.282,30141.0968,0.396909312,1,1
TMUS19T,TMUS13T,U19,1,QPK,QPK1,544.068,106.0704,12101.5088,30141.0968,0.401495303,1,1
TMUS21T,TMUS19T,U21*,1,QPK,QPK1,437.9976,76.2,12207.5792,30141.0968,0.405014432,1,1
TQPK23T,TMUS21T,U23,1,QPK,QPK1,361.7976,109.1184,12283.7792,30141.0968,0.407542542,1,1
TQPK27T,TQPK23T,U27,1,QPK,QPK1,252.6792,139.2936,12392.8976,30141.0968,0.411162795,1,1
TQPK31T,TQPK27T,U31,1,QPK,QPK1,113.3856,113.3856,12532.1912,30141.0968,0.415784179,1,1
TQPK35T,TQPK31T,U35,1,QPK,QPK1,0,158.496,12645.5768,30141.0968,0.419546007,1,1
TQPK41T,TQPK35T,U41,1,STP,STP1,483.7176,74.0664,12804.0728,30141.0968,0.424804475,1,1
TQPK43T,TQPK41T,U43*,1,STP,STP1,409.6512,146.6088,12878.1392,30141.0968,0.427261798,1,1
TSTP47T,TQPK43T,U47,1,STP,STP1,263.0424,166.116,13024.748,30141.0968,0.432125881,1,1
TSTP53T,TSTP47T,U53GT,1,STP,STP1,96.9264,96.9264,13190.864,30141.0968,0.43763716,1,1
TSTP57T,TSTP53T,U57GT,1,STP,STP1,0,160.02,13287.7904,30141.0968,0.440852915,1,1
TSTP61T,TSTP57T,U61,1,OSG,OSG1,267.9192,99.3648,13447.8104,30141.0968,0.446161946,1,1
TOSG65T,TSTP61T,U65,1,OSG,OSG1,168.5544,94.1832,13547.1752,30141.0968,0.449458601,1,1
TOSG69T,TOSG65T,U69,1,OSG,OSG1,74.3712,74.3712,13641.3584,30141.0968,0.452583345,1,1
TOSG71T,TOSG69T,U71,1,OSG,OSG1,0,79.248,13715.7296,30141.0968,0.45505078,1,1
TOSG73T,TOSG71T,U73,1,STA,STA1,312.5724,84.4296,13794.9776,30141.0968,0.457680014,1,1
TOSG75TB,TOSG73T,U75(X4),1,STA,STA1,228.1428,88.6968,13879.4072,30141.0968,0.460481159,1,1
TSTA79T,TOSG75TB,U79,1,STA,STA1,139.446,67.056,13968.104,30141.0968,0.463423879,1,1
TSTA81T,TSTA79T,U81GT,1,STA,STA1,72.39,72.39,14035.16,30141.0968,0.465648616,1,1
TSTA83T,TSTA81T,U83GT,1,STA,STA1,0,157.4292,14107.55,30141.0968,0.46805032,1,1
TSTA89TB,TSTA83T,U89(X20),1,UNI,UNI1,352.044,76.2,14264.9792,30141.0968,0.473273395,1,1
TSTA91T,TSTA89TB,U91*,1,UNI,UNI1,275.844,59.7408,14341.1792,30141.0968,0.475801504,1,1
TSTA93T,TSTA91T,U93,1,UNI,UNI1,216.1032,69.723,14400.92,30141.0968,0.477783542,1,1
TUNI95T,TSTA93T,U95GT,1,UNI,UNI1,146.3802,54.9402,14470.643,30141.0968,0.480096763,1,1
TUNI97T,TUNI95T,U97GT(X40),1,UNI,UNI1,91.44,54.864,14525.5832,30141.0968,0.48191953,1,1
TUNI98TA,TUNI97T,U99GT(X42),1,UNI,UNI1,36.576,6.096,14580.4472,30141.0968,0.483739769,1,1
TUNI99T,TUNI98TA,N98*,1,UNI,UNI1,30.48,30.48,14586.5432,30141.0968,0.483942018,1,1
TUNIN100T,TUNI99T,N100GT(X52),1,UNI,UNI1,0,156.5148,14617.0232,30141.0968,0.484953262,1,1
TUNI106TA,TUNIN100T,N106(X54),1,KNG,KNG1,291.5412,87.3252,14773.538,30141.0968,0.490145999,1,1
TUNI108T,TUNI106TA,N108,1,KNG,KNG1,204.216,59.436,14860.8632,30141.0968,0.493043213,1,1
TKNG110T,TUNI108T,No Signal,1,KNG,KNG1,144.78,45.4152,14920.2992,30141.0968,0.495015138,1,1
TKNG112T,TKNG110T,N112GT,1,KNG,KNG1,99.3648,99.3648,14965.7144,30141.0968,0.496521892,1,1
TKNG118T,TKNG112T,N118**,1,KNG,KNG1,0,167.3352,15065.0792,30141.0968,0.499818547,1,1
TKNG120T,TKNG118T,N120,1,QUN,QUN1,308.1528,88.392,15232.4144,30141.0968,0.505370276,1,1
TKNG124T,TKNG120T,N124,1,QUN,QUN1,219.7608,117.0432,15320.8064,30141.0968,0.508302883,1,1
TQUN126T,TKNG124T,N126,1,QUN,QUN1,102.7176,102.7176,15437.8496,30141.0968,0.51218606,1,1
TQUN130T,TQUN126T,N130,1,QUN,QUN1,0,169.164,15540.5672,30141.0968,0.515593951,1,1
TQUN136T,TQUN130T,N136,1,DUN,DUN1,269.748,137.4648,15709.7312,30141.0968,0.521206355,1,1
TDUN140T,TQUN136T,N142**,1,DUN,DUN1,132.2832,83.82,15847.196,30141.0968,0.525767065,1,1
TDUN142T,TDUN140T,N140,1,DUN,DUN1,48.4632,48.4632,15931.016,30141.0968,0.528547986,1,1
TDUN144T,TDUN142T,N144,1,DUN,DUN1,0,167.3352,15979.4792,30141.0968,0.530155863,1,1
TDUN150T,TDUN144T,N150,1,COL,COL1,330.4032,199.3392,16146.8144,30141.0968,0.535707592,1,1
TDUN156T,TDUN150T,N156,1,COL,COL1,131.064,131.064,16346.1536,30141.0968,0.542321127,1,1
TCOL162T,TDUN156T,N162,1,COL,COL1,0,170.3832,16477.2176,30141.0968,0.546669476,1,1
TCOL166T,TCOL162T,N166,1,WEL,WEL1,357.8352,213.36,16647.6008,30141.0968,0.55232233,1,1
TWEL174T,TCOL166T,N174GT,1,WEL,WEL1,144.4752,144.4752,16860.9608,30141.0968,0.559401037,1,1
TWEL178T,TWEL174T,N178GT,1,WEL,WEL1,0,167.3352,17005.436,30141.0968,0.564194333,1,1
TWEL6T,TWEL178T,N184,1,BLO,BLO1,377.6472,229.8192,17172.7712,30141.0968,0.569746062,1,1
TBLO192T,TWEL6T,N192,1,BLO,BLO1,147.828,147.828,17402.5904,30141.0968,0.577370841,1,1
TBLO196T,TBLO192T,N196,1,BLO,BLO1,0,170.688,17550.4184,30141.0968,0.582275374,1,1
TBLO2TE,TBLO196T,N202(X2),1,ROS,ROS1,579.7296,102.4128,17721.1064,30141.0968,0.587938339,1,1
TBLO206T,TBLO2TE,SA205(X1),1,ROS,ROS1,477.3168,182.5752,17823.5192,30141.0968,0.591336119,1,1
TBLO212T,TBLO206T,N212,1,ROS,ROS1,294.7416,191.1096,18006.0944,30141.0968,0.59739347,1,1
TROS218T,TBLO212T,N218,1,ROS,ROS1,103.632,103.632,18197.204,30141.0968,0.603733969,1,1
TROS220T,TROS218T,N220,1,ROS,ROS1,0,166.116,18300.836,30141.0968,0.607172198,1,1
TROS226T,TROS220T,N226,1,SUM,SUM1,418.1856,110.9472,18466.952,30141.0968,0.612683477,1,1
TROS230T,TROS226T,N230*,1,SUM,SUM1,307.2384,120.7008,18577.8992,30141.0968,0.616364405,1,1
TSUM234T,TROS230T,N234,1,SUM,SUM1,186.5376,186.5376,18698.6,30141.0968,0.620368931,1,1
TSUM240T,TSUM234T,N240,1,SUM,SUM1,0,167.9448,18885.1376,30141.0968,0.626557744,1,1
TSUM246T,TSUM240T,N246,1,STC,STC1,622.7064,216.7128,19053.0824,30141.0968,0.632129697,1,1
TSUM252T,TSUM246T,N252,1,STC,STC1,405.9936,219.456,19269.7952,30141.0968,0.639319641,1,1
TSTC260T,TSUM252T,N260,1,STC,STC1,186.5376,186.5376,19489.2512,30141.0968,0.646600597,1,1
TSTC266T,TSTC260T,N266,1,STC,STC1,0,167.3352,19675.7888,30141.0968,0.65278941,1,1
TSTC272T,TSTC266T,N272,1,DAV,DAV1,959.8152,245.364,19843.124,30141.0968,0.658341139,1,1
TDVV278T,TSTC272T,N278,1,DAV,DAV1,714.4512,287.7312,20088.488,30141.0968,0.666481652,1,1
TDVV2T,TDVV278T,N288(X2),1,DAV,DAV1,426.72,199.9488,20376.2192,30141.0968,0.676027795,1,1
TDVV112BTB,TDVV2T,N296ST(X4),1,DAV,DAV1,226.7712,74.3712,20576.168,30141.0968,0.682661555,1,1
TDVV4T,TDVV112BTB,N298*,1,DAV,DAV1,152.4,100.584,20650.5392,30141.0968,0.68512899,1,1
TDVV6AT,TDVV4T,N302ST(X6),1,DAV,DAV1,51.816,51.816,20751.1232,30141.0968,0.688466095,1,1
TDVV6BT,TDVV6AT,N303*,1,DAV,DAV1,0,153.3144,20802.9392,30141.0968,0.690185209,1,1
TDVV8T,TDVV6BT,N308(x8),1,EGL,EGL1,733.9584,171.9072,20956.2536,30141.0968,0.695271766,1,1
TDVV102ATA,TDVV8T,N314(x10),1,EGL,EGL1,562.0512,107.5944,21128.1608,30141.0968,0.700975182,1,1
TDVV316T,TDVV102ATA,N316,1,EGL,EGL1,454.4568,85.344,21235.7552,30141.0968,0.704544872,1,1
TDVV320T,TDVV316T,N320*,1,EGL,EGL1,369.1128,73.152,21321.0992,30141.0968,0.707376355,1,1
TEGL40T,TDVV320T,N322ST(X40),1,EGL,EGL1,295.9608,103.632,21394.2512,30141.0968,0.709803341,1,1
TEGL326T,TEGL40T,N326ST(X42A),1,EGL,EGL1,192.3288,60.96,21497.8832,30141.0968,0.71324157,1,1
TEGL328T,TEGL326T,N328(X42),1,EGL,EGL1,131.3688,67.056,21558.8432,30141.0968,0.715264058,1,1
TEGL100BTE,TEGL328T,N330*,1,EGL,EGL1,64.3128,64.3128,21625.8992,30141.0968,0.717488794,1,1
TEGL42T,TEGL100BTE,N332GT(X52),1,EGL,EGL1,0,156.6672,21690.212,30141.0968,0.719622519,1,1
TEGL54TB,TEGL42T,N338(X54),1,LAW,LAW1,2179.9296,107.673648,21846.8792,30141.0968,0.724820312,1,1
TEGL340T,TEGL54TB,N340,1,LAW,LAW1,2072.255952,140.738352,21954.55285,30141.0968,0.728392633,1,1
TEGL346T,TEGL340T,N346,1,LAW,LAW1,1931.5176,140.208,22095.2912,30141.0968,0.73306195,1,1
TEGL350T,TEGL346T,N350*,1,LAW,LAW1,1791.3096,274.32,22235.4992,30141.0968,0.737713672,1,1
TLAW360T,TEGL350T,N360,1,LAW,LAW1,1516.9896,365.76,22509.8192,30141.0968,0.746814867,1,1
TLAW372T,TLAW360T,N372,1,LAW,LAW1,1151.2296,426.72,22875.5792,30141.0968,0.758949794,1,1
TLAW4T,TLAW372T,N386(X4),1,LAW,LAW1,724.5096,370.332,23302.2992,30141.0968,0.773107208,1,1
TLAW6T,TLAW4T,N398(X6),1,LAW,LAW1,354.1776,190.5,23672.6312,30141.0968,0.785393822,1,1
TLAW10TE,TLAW6T,N404(X10),1,LAW,LAW1,163.6776,163.6776,23863.1312,30141.0968,0.791714096,1,1
TLAW408T,TLAW10TE,N408,1,LAW,LAW1,0,159.4104,24026.8088,30141.0968,0.797144476,1,1
TLAW22T,TLAW408T,N414(X22),1,YKM,YKM1,1760.22,182.88,24186.2192,30141.0968,0.802433281,1,1
TLAW420T,TLAW22T,N420*,1,YKM,YKM1,1577.34,134.112,24369.0992,30141.0968,0.808500744,1,1
TLAW424T,TLAW420T,N424,1,YKM,YKM1,1443.228,190.1952,24503.2112,30141.0968,0.812950218,1,1
TLAW430T,TLAW424T,N430,1,YKM,YKM1,1253.0328,199.0344,24693.4064,30141.0968,0.819260379,1,1
TYKM2T,TLAW430T,N438(X2),1,YKM,YKM1,1053.9984,330.0984,24892.4408,30141.0968,0.825863802,1,1
TYKM4T,TYKM2T,N448GT(X4),1,YKM,YKM1,723.9,170.688,25222.5392,30141.0968,0.836815573,1,1
TYKM6TB,TYKM4T,N454GT(X6),1,YKM,YKM1,553.212,183.7944,25393.2272,30141.0968,0.842478539,1,1
TYKM22T,TYKM6TB,N460GT(X22),1,YKM,YKM1,369.4176,180.4416,25577.0216,30141.0968,0.84857634,1,1
TYKM42TA,TYKM22T,N466GT(X42),1,YKM,YKM1,188.976,188.976,25757.4632,30141.0968,0.854562904,1,1
TYKM472T,TYKM42TA,N472GT,1,YKM,YKM1,0,160.02,25946.4392,30141.0968,0.860832616,1,1
TYKM52T,TYKM472T,N478(X52),1,SHP,SHP1,1798.9296,91.44,26106.4592,30141.0968,0.866141646,1,1
TYKM480T,TYKM52T,N480*,1,SHP,SHP1,1707.4896,111.252,26197.8992,30141.0968,0.869175378,1,1
TYKM484T,TYKM480T,N484,1,SHP,SHP1,1596.2376,71.628,26309.1512,30141.0968,0.872866418,1,1
TYKM486T,TYKM484T,N486*,1,SHP,SHP1,1524.6096,128.016,26380.7792,30141.0968,0.875242841,1,1
TYKM490T,TYKM486T,N490,1,SHP,SHP1,1396.5936,268.224,26508.7952,30141.0968,0.879490066,1,1
TSHP500T,TYKM490T,N500,1,SHP,SHP1,1128.3696,304.8,26777.0192,30141.0968,0.888389012,1,1
TSHP510T,TSHP500T,N510,1,SHP,SHP1,823.5696,213.36,27081.8192,30141.0968,0.898501451,1,1
TSHP516T,TSHP510T,N516,1,SHP,SHP1,610.2096,195.072,27295.1792,30141.0968,0.905580158,1,1
TSHP22T,TSHP516T,N522ST(X22),1,SHP,SHP1,415.1376,108.204,27490.2512,30141.0968,0.912052119,1,1
TSHP20T,TSHP22T,N526ST(X20),1,SHP,SHP1,306.9336,68.58,27598.4552,30141.0968,0.915642035,1,1
TSHP18T,TSHP20T,N528ST(X18),1,SHP,SHP1,238.3536,73.152,27667.0352,30141.0968,0.917917333,1,1
TSHP16TE,TSHP18T,N530GT(X16),1,SHP,SHP1,165.2016,165.2016,27740.1872,30141.0968,0.920344319,1,1
TSHP536T,TSHP16TE,N536GT,1,SHP,SHP1,0,157.2768,27905.3888,30141.0968,0.925825261,1,1
TSHP36T,TSHP536T,N542(X36),1,NYC,NYC1,651.3576,85.9536,28062.6656,30141.0968,0.931043279,1,1
TSHP544T,TSHP36T,N544*,1,NYC,NYC1,565.404,133.8072,28148.6192,30141.0968,0.933894987,1,1
TSHP548T,TSHP544T,N548,1,NYC,NYC1,431.5968,152.7048,28282.4264,30141.0968,0.938334348,1,1
TSHP554T,TSHP548T,N554,1,NYC,NYC1,278.892,152.4,28435.1312,30141.0968,0.943400679,1,1
TSHP558T,TSHP554T,N558,1,NYC,NYC1,126.492,126.492,28587.5312,30141.0968,0.948456899,1,1
TNYC562T,TSHP558T,N562,1,NYC,NYC1,0,156.972,28714.0232,30141.0968,0.952653561,1,1
TNYC40T,TNYC562T,N568(X40),1,FIN,FIN1,1270.1016,161.544,28870.9952,30141.0968,0.957861467,1,1
TNYC572T,TNYC40T,N572,1,FIN,FIN1,1108.5576,213.36,29032.5392,30141.0968,0.96322106,1,1
TNYC580T,TNYC572T,N580*,1,FIN,FIN1,895.1976,210.0072,29245.8992,30141.0968,0.970299767,1,1
TFIN588T,TNYC580T,N588,1,FIN,FIN1,685.1904,193.8528,29455.9064,30141.0968,0.977267237,1,1
TFIN22T,TFIN588T,N594ST(X22),1,FIN,FIN1,491.3376,114.3,29649.7592,30141.0968,0.983698748,1,1
TFIN20T,TFIN22T,N598ST(X20),1,FIN,FIN1,377.0376,91.44,29764.0592,30141.0968,0.987490913,1,1
TFIN18T,TFIN20T,N600GT(X18),1,FIN,FIN1,285.5976,103.632,29855.4992,30141.0968,0.990524645,1,1
TFIN16TA,TFIN18T,N604GT(X16),1,FIN,FIN1,181.9656,181.9656,29959.1312,30141.0968,0.993962874,1,1
TFIN4T,TFIN16TA,N610GT(X4),1,FIN,FIN1,0,159.4104,30141.0968,30141.0968,1,1,1
TFIN4T,TFNS36TC,N614,1,FIN,FIN1,0,159.4104,0,0,0,0,1
TFIN2T,TFNS30TB,NA614,2,FIN,FIN2,0,164.2872,0,0,0,0,1
TFIN4T,TFNS36TB,N614,1,FIN,FIN1,0,159.4104,0,0,0,0,1
TFNS36TC,TFIN4T,N614,1,FIN,FIN1,159.4104,159.4104,0,0,0,0,1
TFNS30TB,TFIN2T,NA614,2,FIN,FIN2,164.2872,164.2872,0,0,0,0,1
TFNS36TB,TFIN4T,N614,1,FIN,FIN1,159.4104,159.4104,0,0,0,0,1
TFNS30TA,TFIN2T,NA614,2,FIN,FIN2,164.2872,164.2872,0,0,0,0,1
TYKM42TB,TYKM472T,N472GT,2,LAW,LAW2,1759.3056,82.9056,0,0,0,0,1
TYKM44TA,TYKM42TB,SA471,2,LAW,LAW2,1759.3056,91.44,0,0,0,0,1
TYKM36AT,TYKM44TA,NA468,2,LAW,LAW2,1700,52.4256,0,0,0,0,1
TYKM48TA,TYKM54T,S471GT(X48),2,LAW,LAW2,1759.3056,82.9056,0,0,0,0,1
TYKM44TB,TYKM48TA,S471,2,LAW,LAW2,1539.8496,91.44,0,0,0,0,1
TYKM36AT,TYKM44TB,NA468,2,LAW,LAW2,1667.8656,52.4256,0,0,0,0,1
TYKM36T,TYKM36AT,NA467*,2,LAW,LAW2,1615.44,90.2208,0,0,0,0,1
TYKM24T,TYKM36T,NA464,2,LAW,LAW2,1525.2192,145.0848,0,0,0,0,1
TYKM10TB,TYKM24T,NA460,2,LAW,LAW2,1380.1344,67.056,0,0,0,0,1
TYKM14TB,TYKM10TB,NA458,2,LAW,LAW2,1363,50,0,0,0,0,1
TYKM457T,TYKM14TB,NA458,2,LAW,LAW2,1313.0784,240.792,0,0,0,0,1
TYKM6TC,TYKM4T,N454G,1,YKM,YKM1,553,183,0,0,0,0,1
TYKM10TA,TYKM6TC,NA458,1,YKM,YKM1,446.2272,67.056,0,0,0,0,1
TYKM24T,TYKM10TA,NA460,1,YKM,YKM1,379.1712,145.0848,0,0,0,0,1
TYKM36T,TYKM24T,NA464,1,YKM,YKM1,234.0864,90.2208,0,0,0,0,1
TYKM36AT,TYKM36T,NA467*,1,YKM,YKM1,143.8656,52.4256,0,0,0,0,1
TYKM44TA,TYKM36AT,NA468,1,YKM,YKM1,91.44,91.44,0,0,0,0,1
TYKM42TB,TYKM44TA,NA468,1,YKM,YKM1,30,30,0,0,0,0,1
TYKM472T,TYKM42TB,SA471,1,YKM,YKM1,0,160.02,0,0,0,0,1
TYKM54T,TYKM42TA,S471,2,YKM,YKM2,0,160.9344,0,0,0,0,1
TEGL54TC,TEGL334T,x,2,EGL,EGL2,393.192,140.208,0,0,0,0,1
TEGL62TA,TEGL54TC,x,2,EGL,EGL2,300,100,0,0,0,0,1
TEGL58T,TEGL62TA,x,2,EGL,EGL2,212.1408,145.0848,0,0,0,0,1
TEGL62TB,TEGL58T,x,2,EGL,EGL2,180,40,0,0,0,0,1
TEGL64TA,TEGL62TB,x,2,EGL,EGL2,140.208,140.208,0,0,0,0,1
TDVV18T,TDVV17T,NA308,2,DAV,DAV2,0,103.632,0,0,0,0,1
TDVV106ATA,TDVV18T,SA303,2,STC,STC2,582.168,103.632,0,0,0,0,1
TDVV19T,TDVV106ATA,NA302,2,STC,STC2,478.536,91.44,0,0,0,0,1
TDVV111TA,TDVV19T,S299,2,STC,STC2,387.096,457.2,0,0,0,0,1
TUNI98TC,TUNI102T,x,2,STA,STA2,350,6,0,0,0,0,1
TUNIUC7TA,TUNI98TC,N98T,2,STA,STA2,341.376,52.30368,0,0,0,0,1
TUNI101TA,TUNI103T,x,2,STA,STA2,350,6,0,0,0,0,1
TUNIUC7TB,TUNI101TA,x,2,STA,STA2,341.376,52.30368,0,0,0,0,1
TUNIUC5T,TUNIUC7TA,UC7,2,STA,STA2,289.07232,60.70092,0,0,0,0,1
TSTAUC4T,TUNIUC5T,UC5,2,STA,STA2,228.3714,151.257,0,0,0,0,1
TSTAUC3TC,TSTAUC4T,UC4,2,STA,STA2,197.8152,77.1144,0,0,0,0,1
TSTA92TA,TSTAUC3TC,U89,2,STA,STA2,120.7008,120.7008,0,0,0,0,1
TSTA89TA,TUNI101TA,U89(X20),1,UNI,UNI1,352.044,76.2,0,0,0,0,1
TSTAUC3TA,TSTA89TA,x,1,UNI,UNI1,341.376,77.1144,0,0,0,0,1
TSTAUC4T,TSTAUC3TA,UC4,1,UNI,UNI1,264.2616,151.257,0,0,0,0,1
TUNIUC5T,TSTAUC4T,UC5,1,UNI,UNI1,113.0046,60.70092,0,0,0,0,1
TUNIUC7TA,TUNIUC5T,UC7,1,UNI,UNI1,52.30368,52.30368,0,0,0,0,1
TUNI101TA,TUNIUC7TA,x,1,UNI,UNI1,21.336,21.336,0,0,0,0,1
TUNI98TC,TUNI101TA,x,1,UNI,UNI1,6,6,0,0,0,0,1
TUNIN100T,TUNI98TC,x,1,UNI,UNI1,0,59.43,0,0,0,0,1
TOSG75TC,TOSG73T,x,2,OSG,OSG2,467.4236,50,0,0,0,0,1
TOSGUC2TA,TOSG75TC,x,2,OSG,OSG2,417.4236,78.7908,0,0,0,0,1
TOSG9T,TOSGUC2TA,UC2,2,OSG,OSG2,338.6328,152.2476,0,0,0,0,1
TOSGUC2TC,TOSG9T,UC2,2,OSG,OSG2,186.3852,78.7908,0,0,0,0,1
TOSG80TA,TOSGUC2TC,UC1,2,OSG,OSG2,107.5944,107.5944,0,0,0,0,1
TSGU2T,TSGU86T,Y465,1,SGU,SGU1,0,156.8958,0,0,0,0,1
TLWW26TA,TLWW10TD,x,1,GCN1,GCN1,390.4616,50,0,0,0,0,1
TLWW10TD,TLWW16T,x,1,GCN1,GCN1,340.4616,91.44,0,0,0,0,1
TLWW14TB,TLWW16T,x,2,LWW,LWW2,152.4,152.4,0,0,0,0,1
TLWW18TA,TLWW14TB,x,2,LWW,LWW2,116.4336,116.4336,0,0,0,0,1
TDWN36T,TDWN4T,SP366,2,SHW,SHW2,34.55,34.55,0,0,0,0,1
TDWN32T,TDWN2T,SP367,1,SHW,SHW1,34.55,34.55,0,0,0,0,1
TDWN4T,TDWN36T,SP366,2,SHW,SHW2,0,165.95,0,0,0,0,1
TFIN2T,TFIN10TE,S609(X10),2,FIN,FIN2,0,164.2872,0,0,0,0,1
TFIN10TE,TFIN16TC,X,2,FIN,FIN2,149.352,149.352,0,0,0,0,1
TFIN16TC,TFIN18T,X,2,FIN,FIN2,181.9656,181.9656,0,0,0,0,1
TFIN16TD,TFIN4T,N610GT(X4),2,NYC,NYC2,1414.5768,181.9656,0,0,0,0,1
TFIN10TC,TFIN16TD,X,2,NYC,NYC2,1300,35,0,0,0,0,1
TFIN10TA,TFIN10TC,X,2,NYC,NYC2,1265.2248,149.352,0,0,0,0,1
TDWN2T,TDWN10TE,SPA361(X10),1,SHW,SHW1,0,165.95,0,0,0,0,1
TDWN10TE,TDWN16TC,x,1,SHW,SHW1,165.95,164.12,0,0,0,0,1
TDWN16TC,TDWN18T,x,1,SHW,SHW1,330.07,160.09,0,0,0,0,1
TDWN16TD,TDWN4T,SP362GTST(X4),1,WIL,WIL1,1885.309152,160.09,0,0,0,0,1
TDWN10TA,TDWN16TD,SPA356(X14),1,WIL,WIL1,1725.219152,164.12,0,0,0,0,1
TKENBA937T,TKEN6T,BA941(X6),2,KEN,KEN2,0,159.96,0,26203.39178,0,1,2
TKEN10TA,TKENBA937T,B936(X10),2,WAR,WAR2,2595.167784,130.554984,159.96,26203.39178,0.006104553,1,2
TKEN14AT,TKEN10TA,BA931GT(x14),2,WAR,WAR2,2464.6128,33.8328,290.514984,26203.39178,0.011086923,1,2
TKENB930T,TKEN14AT,B930,2,WAR,WAR2,2430.78,180.917088,324.347784,26203.39178,0.012378084,1,2
TKENB924T,TKENB930T,B924GT,2,WAR,WAR2,2249.862912,210.315048,505.264872,26203.39178,0.019282423,1,2
TKENB918T,TKENB924T,B918,2,WAR,WAR2,2039.547864,216.206832,715.57992,26203.39178,0.027308675,1,2
TKENB910T,TKENB918T,B910,2,WAR,WAR2,1823.341032,180.697632,931.786752,26203.39178,0.035559776,1,2
TKENB906T,TKENB910T,B906,2,WAR,WAR2,1458.980064,183.663336,1112.484384,26203.39178,0.04245574,1,2
TKENB900T,TKENB906T,B900,2,WAR,WAR2,1458.980064,181.877208,1296.14772,26203.39178,0.049464883,1,2
TKENB894T,TKENB900T,B894,2,WAR,WAR2,1277.102856,220.413072,1478.024928,26203.39178,0.056405863,1,2
TKENB886T,TKENB894T,B886,2,WAR,WAR2,1056.689784,208.9404,1698.438,26203.39178,0.064817487,1,2
TWARB880T,TKENB886T,B880,2,WAR,WAR2,847.749384,182.081424,1907.3784,26203.39178,0.072791279,1,2
TWARB874T,TWARB880T,B874,2,WAR,WAR2,665.66796,182.047896,2089.459824,26203.39178,0.079740052,1,2
TWAR34T,TWARB874T,B868GT(X34),2,WAR,WAR2,483.620064,182.782464,2271.50772,26203.39178,0.086687546,1,2
TWARB862T,TWAR34T,B862GT,2,WAR,WAR2,300.8376,158.8008,2454.290184,26203.39178,0.093663072,1,2
TWAR32T,TWARB862T,B856GT(X32),2,WAR,WAR2,142.0368,142.0368,2613.090984,26203.39178,0.099723387,1,2
TWAR2T,TWAR32T,B852(X2),2,WAR,WAR2,0,164.07384,2755.127784,26203.39178,0.105143937,1,2
TWAR10TA,TWAR2T,B846(X10),2,VPK,VPK2,1988.11896,121.92,2919.201624,26203.39178,0.111405487,1,2
TWAR14AT,TWAR10TA,BA841(X14),2,VPK,VPK2,1866.19896,198.33336,3041.121624,26203.39178,0.11605832,1,2
TWARB836T,TWAR14AT,B836GT,2,VPK,VPK2,1667.8656,396.24,3239.454984,26203.39178,0.123627316,1,2
TWARB822T,TWARB836T,B822,2,VPK,VPK2,1445.67,351.7392,3635.694984,26203.39178,0.138749022,1,2
TWARB810T,TWARB822T,B810,2,VPK,VPK2,871.1184,222.8088,3987.434184,26203.39178,0.152172445,1,2
TVPK22T,TWARB810T,B804GT(X22),2,VPK,VPK2,697.0776,184.0992,4210.242984,26203.39178,0.160675496,1,2
TVPK20T,TVPK22T,B797GT(X20),2,VPK,VPK2,525.1704,161.8488,4394.342184,26203.39178,0.167701274,1,2
TVPK18T,TVPK20T,B792GT(X18),2,VPK,VPK2,351.1296,181.356,4556.190984,26203.39178,0.173877909,1,2
TVPK16TA,TVPK18T,B786GT(X16),2,VPK,VPK2,169.7736,169.7736,4737.546984,26203.39178,0.180798998,1,2
TVPKB780T,TVPK16TA,B780GT,2,VPK,VPK2,0,174.0408,4907.320584,26203.39178,0.187278068,1,2
TVPKB776T,TVPKB780T,B776,2,VPK,VPK2,1068.324,169.4688,5081.361384,26203.39178,0.193919987,1,2
TMSTB770T,TVPKB776T,B770,2,MST,MST2,898.8552,176.784,5081.361384,26203.39178,0.193919987,1,2
TMSTB764T,TMSTB770T,B764,2,MST,MST2,722.0712,152.4,5258.145384,26203.39178,0.200666594,1,2
TMSTB758T,TMSTB764T,B758,2,MST,MST2,569.6712,74.9808,5410.545384,26203.39178,0.206482635,1,2
TMSTB756T,TMSTB758T,B756*,2,MST,MST2,494.6904,181.0512,5485.526184,26203.39178,0.209344127,1,2
TMSTB750T,TMSTB756T,B750,2,MST,MST2,313.6392,164.592,5666.577384,26203.39178,0.216253584,1,2
TMSTB744T,TMSTB750T,B744,2,MST,MST2,149.0472,149.0472,5831.169384,26203.39178,0.222534908,1,2
TMSTB740T,TMSTB744T,B740,2,MST,MST2,0,173.1264,5980.216584,26203.39178,0.228222996,1,2
TWDB2T,TMSTB740T,B732,2,WDB,WDB2,796.1376,124.6632,6153.342984,26203.39178,0.234830019,1,2
TWDBB730T,TWDB2T,B730*,2,WDB,WDB2,671.4744,88.392,6278.006184,26203.39178,0.23958754,1,2
TWDBB726T,TWDBB730T,B728,2,WDB,WDB2,583.0824,185.0136,6366.398184,26203.39178,0.242960844,1,2
TWDBB722T,TWDBB726T,B722,2,WDB,WDB2,398.0688,153.3144,6551.411784,26203.39178,0.250021518,1,2
TWDBB716T,TWDBB722T,B716*,2,WDB,WDB2,244.7544,80.4672,6704.726184,26203.39178,0.255872455,1,2
TWDB4T,TWDBB716T,B714(X4),2,WDB,WDB2,164.2872,164.2872,6785.193384,26203.39178,0.258943325,1,2
TWDB6T,TWDB4T,B708(X6),2,WDB,WDB2,0,164.1348,6949.480584,26203.39178,0.265213017,1,2
TWDB10TA,TWDB6T,B702(X10),2,COX,COX2,566.4708,93.726,7113.615384,26203.39178,0.271476893,1,2
TWDBB700T,TWDB10TA,B700,2,COX,COX2,472.7448,106.9848,7207.341384,26203.39178,0.275053758,1,2
TCOXB696T,TWDBB700T,B696*,2,COX,COX2,365.76,118.872,7314.326184,26203.39178,0.279136619,1,2
TCOXB692T,TCOXB696T,B692,2,COX,COX2,246.888,124.968,7433.198184,26203.39178,0.283673131,1,2
TCOXB688T,TCOXB692T,B688*,2,COX,COX2,121.92,82.296,7558.166184,26203.39178,0.288442284,1,2
TCOXB686T,TCOXB688T,B686,2,COX,COX2,39.624,39.624,7640.462184,26203.39178,0.291582946,1,2
TCOXB684T,TCOXB686T,B684*,2,COX,COX2,0,236.22,7680.086184,26203.39178,0.293095117,1,2
TCOXB676T,TCOXB684T,B676,2,GWD,GWD2,370.332,211.836,7916.306184,26203.39178,0.302109981,1,2
TGWDB670T,TCOXB676T,B670,2,GWD,GWD2,158.496,100.584,8128.142184,26203.39178,0.310194278,1,2
TGWD86AT,TGWDB670T,B666*,2,GWD,GWD2,57.912,57.912,8228.726184,26203.39178,0.314032865,1,2
TGWD86T,TGWD86AT,B664(X86),2,GWD,GWD2,0,210.0072,8286.638184,26203.39178,0.31624296,1,2
TGWD84T,TGWD86T,B658(X84),2,DON,DON2,504.1392,130.9116,8496.645384,26203.39178,0.324257465,1,2
TGWY82TB,TGWD84T,B652(X82),2,DON,DON2,373.2276,88.8492,8627.556984,26203.39178,0.329253444,1,2
TGWY70AT,TGWY82TB,B650*,2,DON,DON2,284.3784,103.409496,8716.406184,26203.39178,0.332644196,1,2
TGWY70T,TGWY70AT,B646(X70),2,DON,DON2,180.968904,140.430504,8819.81568,26203.39178,0.336590612,1,2
TGWY71TA,TGWY70T,B742*,2,DON,DON2,40.5384,40.5384,8960.246184,26203.39178,0.341949861,1,2
TDONB640T,TGWY71TA,B640,2,DON,DON2,0,237.1344,9000.784584,26203.39178,0.343496928,1,2
TDONB632T,TDONB640T,B632,2,PAP,PAP2,363.6264,180.7464,9237.918984,26203.39178,0.352546688,1,2
TDONB626T,TDONB632T,B626,2,PAP,PAP2,182.88,90.2208,9418.665384,26203.39178,0.359444512,1,2
TPAPB624T,TDONB626T,B624*,2,PAP,PAP2,92.6592,92.6592,9508.886184,26203.39178,0.362887609,1,2
TPAPB620T,TPAPB624T,B620,2,PAP,PAP2,0,192.9384,9601.545384,26203.39178,0.366423762,1,2
TPAPB614T,TPAPB620T,B614,2,CHE,CHE2,415.8996,233.0196,9794.483784,26203.39178,0.373786869,1,2
TCHEB606T,TPAPB614T,B606,2,CHE,CHE2,182.88,182.88,10027.50338,26203.39178,0.382679596,1,2
TCHE32T,TCHEB606T,B600(X32),2,CHE,CHE2,0,184.2516,10210.38338,26203.39178,0.389658845,1,2
TBRD28TB,TCHE32T,B594(X28),2,BRD,BRD2,443.078616,144.374616,10394.63498,26203.39178,0.396690439,1,2
TBRD14T,TBRD28TB,B590GT(X14),2,BRD,BRD2,298.704,67.156584,10539.0096,26203.39178,0.402200207,1,2
TBRD8TA,TBRD14T,B588*,2,BRD,BRD2,231.547416,91.44,10606.16618,26203.39178,0.404763104,1,2
TBRD8AT,TBRD8TA,B588*,2,BRD,BRD2,140.107416,140.107416,10697.60618,26203.39178,0.408252728,1,2
TBRDB584T,TBRD8AT,B584,2,BRD,BRD2,0,229.157784,10837.7136,26203.39178,0.413599647,1,2
TBRDB576T,TBRDB584T,B576,2,CFK,CFK2,596.9508,210.4644,11066.87138,26203.39178,0.422344995,1,2
TCFKB568T,TBRDB576T,B568,2,CFK,CFK2,386.4864,181.356,11277.33578,26203.39178,0.430376948,1,2
TCFKB564T,TCFKB568T,B563,2,CFK,CFK2,205.1304,205.1304,11458.69178,26203.39178,0.437298037,1,2
TCFKB556T,TCFKB564T,B556ST,2,CFK,CFK2,0,291.9984,11663.82218,26203.39178,0.445126428,1,2
TCFKB546T,TCFKB556T,B546,2,SHE,SHE2,381,216.408,11955.82058,26203.39178,0.456269962,1,2
TSHEB540T,TCFKB546T,B539,2,SHE,SHE2,164.592,110.3376,12172.22858,26203.39178,0.464528741,1,2
TSHEB536T,TSHEB540T,B536*,2,SHE,SHE2,54.2544,54.2544,12282.56618,26203.39178,0.468739554,1,2
TSHEB534T,TSHEB536T,B534,2,SHE,SHE2,0,205.74,12336.82058,26203.39178,0.470810065,1,2
TSHEB528T,TSHEB534T,B528,2,YNG,YNG2,593.4456,242.9256,12542.56058,26203.39178,0.47866172,1,2
TYNGB520T,TSHEB528T,B520,2,YNG,YNG2,350.52,152.4,12785.48618,26203.39178,0.487932489,1,2
TYNGB514T,TYNGB520T,B520,2,YNG,YNG2,198.12,198.12,12937.88618,26203.39178,0.49374853,1,2
TYNG60T,TYNGB514T,B508GT(X60),2,YNG,YNG2,0,239.9538,13136.00618,26203.39178,0.501309384,1,2
TYNG58TB,TYNG60T,B500GT(X58),2,BAY,BAU2,288.2646,136.4742,13375.95998,26203.39178,0.51046674,1,2
TBAUB496T,TYNG58TB,B496,2,BAY,BAU2,151.7904,111.252,13512.43418,26203.39178,0.515675005,1,2
TBAUB492T,TBAUB496T,B492*,2,BAY,BAU2,40.5384,40.5384,13623.68618,26203.39178,0.519920715,1,2
TBAUB490T,TBAUB492T,B490,2,BAY,BAU2,0,156.972,13664.22458,26203.39178,0.521467782,1,2
TSGL112T,TBAUB490T,B486(X112),2,SGL,SGL2,470.0016,164.7444,13821.19658,26203.39178,0.527458304,1,2
TSGL110T,TSGL112T,B480(X110),2,SGL,SGL2,305.2572,152.2476,13985.94098,26203.39178,0.533745444,1,2
TSGL106TA,TSGL110T,B476(X106),2,SGL,SGL2,153.0096,153.0096,14138.18858,26203.39178,0.539555669,1,2
TSGLB470T,TSGL106TA,B470,2,SGL,SGL2,0,156.972,14291.19818,26203.39178,0.545394974,1,2
TSGL96T,TSGLB470T,B464(X96),2,BSP,BSP2,296.4942,144.9324,14448.17018,26203.39178,0.551385496,1,2
TSGL82T,TSGL96T,B460(X82),2,BSP,BSP2,151.5618,66.9036,14593.10258,26203.39178,0.556916551,1,2
TSGL84TA,TSGL82T,B458*,2,BSP,BSP2,84.6582,84.6582,14660.00618,26203.39178,0.559469793,1,2
TBSPB456T,TSGL84TA,B456GT,2,BSP,BSP2,0,215.5698,14744.66438,26203.39178,0.562700604,1,2
TBSPB448T,TBSPB456T,B448,2,BAT,BAT2,363.9312,211.5312,14960.23418,26203.39178,0.570927394,1,2
TBATB442T,TBSPB448T,B442,2,BAT,BAT2,152.4,152.4,15171.76538,26203.39178,0.579000059,1,2
TBATB436T,TBATB442T,B436,2,BAT,BAT2,0,190.8048,15324.16538,26203.39178,0.5848161,1,2
TBATB430T,TBATB436T,B430,2,CHR,CHR2,384.048,233.172,15514.97018,26203.39178,0.592097783,1,2
TCHRB422T,TBATB430T,B422,2,CHR,CHR2,150.876,150.876,15748.14218,26203.39178,0.600996326,1,2
TCHRB418T,TCHRB422T,B418,2,CHR,CHR2,0,205.74,15899.01818,26203.39178,0.606754206,1,2
TCHR32T,TCHRB418T,B410(X32),2,OSS,OSS2,572.594232,235.0008,16104.75818,26203.39178,0.614605862,1,2
TOSS28TC,TCHR32T,B402(X38),2,OSS,OSS2,337.593432,141.732,16339.75898,26203.39178,0.623574197,1,2
TOSS14T,TOSS28TC,B398GT(X14),2,OSS,OSS2,195.861432,129.2352,16481.49098,26203.39178,0.628983115,1,2
TOSS8TA,TOSS14T,B394*,2,OSS,OSS2,66.626232,66.626232,16610.72618,26203.39178,0.633915118,1,2
TOSSB392T,TOSS8TA,B392GT,2,OSS,OSS2,0,166.545768,16677.35242,26203.39178,0.636457774,1,2
TOSSB386T,TOSSB392T,B386,2,DUF,DUF2,560.5272,71.628,16843.89818,26203.39178,0.64281366,1,2
TOSSB384T,TOSSB386T,B384*,2,DUF,DUF2,488.8992,170.0784,16915.52618,26203.39178,0.6455472,1,2
TDUFB378T,TOSSB384T,B378,2,DUF,DUF2,318.8208,146.304,17085.60458,26203.39178,0.652037901,1,2
TDUFB374T,TDUFB378T,B374,2,DUF,DUF2,172.5168,172.5168,17231.90858,26203.39178,0.657621301,1,2
TDUFB368T,TDUFB374T,B368,2,DUF,DUF2,0,199.9488,17404.42538,26203.39178,0.664205059,1,2
TDUFB362T,TDUFB368T,B362,2,LAN,LAN2,307.2384,148.8948,17604.37418,26203.39178,0.671835705,1,2
TDUFB356T,TDUFB362T,B356,2,LAN,LAN2,158.3436,76.6572,17753.26898,26203.39178,0.677517977,1,2
TLANB354T,TDUFB356T,B354*,2,LAN,LAN2,81.6864,81.6864,17829.92618,26203.39178,0.680443445,1,2
TLANB352T,TLANB354T,B352,2,LAN,LAN2,0,196.2912,17911.61258,26203.39178,0.683560843,1,2
TLANB344T,TLANB352T,B344,2,DNW,DNW2,607.4664,229.5144,18107.90378,26203.39178,0.691051904,1,2
TLANB338T,TLANB344T,B338,2,DNW,DNW2,377.952,164.592,18337.41818,26203.39178,0.699810862,1,2
TDNWB332T,TLANB338T,B332,2,DNW,DNW2,213.36,213.36,18502.01018,26203.39178,0.706092186,1,2
TDNWB324T,TDNWB332T,B324ST,2,DNW,DNW2,0,227.076,18715.37018,26203.39178,0.714234643,1,2
TDNW30T,TDNWB324T,B318(X30),2,KEL,KEL2,474.1926,163.9824,18942.44618,26203.39178,0.722900544,1,2
TKELB312T,TDNW30T,B312GT,2,KEL,KEL2,310.2102,128.3208,19106.42858,26203.39178,0.729158604,1,2
TKEL20T,TKELB312T,B308ST(X20),2,KEL,KEL2,181.8894,60.96,19234.74938,26203.39178,0.734055711,1,2
TKEL18T,TKEL20T,B306ST(X18),2,KEL,KEL2,120.9294,23.7744,19295.70938,26203.39178,0.736382127,1,2
TKEL16TA,TKEL18T,B304ST(X16),2,KEL,KEL2,97.155,97.155,19319.48378,26203.39178,0.73728943,1,2
TKELB302T,TKEL16TA,B302,2,KEL,KEL2,0,157.8102,19416.63878,26203.39178,0.740997156,1,2
TKEL8T,TKELB302T,B296(X8),2,HPK,HPK2,506.4252,177.2412,19574.44898,26203.39178,0.747019666,1,2
THPKB290T,TKEL8T,B290,2,HPK,HPK2,329.184,140.208,19751.69018,26203.39178,0.753783722,1,2
THPKB286T,THPKB290T,B286,2,HPK,HPK2,188.976,188.976,19891.89818,26203.39178,0.75913448,1,2
THPKB280T,THPKB286T,B280,2,HPK,HPK2,0,183.7944,20080.87418,26203.39178,0.76634637,1,2
THPKB274T,THPKB280T,B274,2,RUN,RUN2,519.684,102.7176,20264.66858,26203.39178,0.773360516,1,2
TRUNB270T,THPKB274T,B270,2,RUN,RUN2,416.9664,188.3664,20367.38618,26203.39178,0.777280527,1,2
TRUNB264T,TRUNB270T,B264,2,RUN,RUN2,228.6,103.632,20555.75258,26203.39178,0.784469154,1,2
TRUNB262T,TRUNB264T,B262,2,RUN,RUN2,124.968,124.968,20659.38458,26203.39178,0.788424062,1,2
TRUNB258T,TRUNB262T,B258,2,RUN,RUN2,0,165.2016,20784.35258,26203.39178,0.793193215,1,2
TRUNB252T,TRUNB258T,B252,2,JNE,JNE2,516.72744,179.832,20949.55418,26203.39178,0.799497804,1,2
TJAN20T,TRUNB252T,B246(X20),2,JNE,JNE2,336.89544,97.536,21129.38618,26203.39178,0.806360732,1,2
TJAN18T,TJAN20T,B242XT(X18),2,JNE,JNE2,239.35944,158.496,21226.92218,26203.39178,0.810082998,1,2
TJAN16TA,TJAN18T,B238XT(X16),2,JNE,JNE2,80.86344,80.86344,21385.41818,26203.39178,0.816131681,1,2
TJAN12AT,TJAN16TA,B235XT(X12),2,JNE,JNE2,0,160.23336,21466.28162,26203.39178,0.819217672,1,2
TJANB230T,TJAN12AT,B230,2,OML,OML2,726.0336,197.8152,21626.51498,26203.39178,0.825332658,1,2
TJANB222T,TJANB230T,B222,2,OML,OML2,528.2184,164.592,21824.33018,26203.39178,0.832881879,1,2
TOMLB218T,TJANB222T,B218GT,2,OML,OML2,363.6264,109.728,21988.92218,26203.39178,0.839163203,1,2
TOMLB214T,TOMLB218T,B214GT,2,OML,OML2,253.8984,141.939264,22098.65018,26203.39178,0.843350753,1,2
TOMLB210T,TOMLB214T,B210GT,2,OML,OML2,111.959136,111.959136,22240.58945,26203.39178,0.848767581,1,2
TOMLB206T,TOMLB210T,B206,2,OML,OML2,0,163.068,22352.54858,26203.39178,0.853040277,1,2
TOMLB200T,TOMLB206T,B200,2,RYK,RYK2,1164.012912,73.7616,22515.61658,26203.39178,0.859263441,1,2
TOMLB198T,TOMLB200T,B198,2,RYK,RYK2,1090.251312,103.632,22589.37818,26203.39178,0.862078405,1,2
TOMLB194T,TOMLB198T,B194,2,RYK,RYK2,986.619312,135.636,22693.01018,26203.39178,0.866033312,1,2
TOMLB190T,TOMLB194T,B190*,2,RYK,RYK2,850.983312,59.436,22828.64618,26203.39178,0.871209589,1,2
TOMLB188T,TOMLB190T,B188,2,RYK,RYK2,791.547312,123.444,22888.08218,26203.39178,0.873477845,1,2
TRYKB184T,TOMLB188T,B184*,2,RYK,RYK2,668.103312,126.492,23011.52618,26203.39178,0.878188838,1,2
TRYKB180T,TRYKB184T,B180,2,RYK,RYK2,541.611312,164.592,23138.01818,26203.39178,0.883016152,1,2
TRYKB174T,TRYKB180T,B174,2,RYK,RYK2,377.019312,134.112,23302.61018,26203.39178,0.889297476,1,2
TRYKB170T,TRYKB174T,B170,2,RYK,RYK2,242.907312,128.016,23436.72218,26203.39178,0.894415592,1,2
TRYKB166T,TRYKB170T,B166,2,RYK,RYK2,114.891312,114.891312,23564.73818,26203.39178,0.899301067,1,2
TRYKB162T,TRYKB166T,B162,2,RYK,RYK2,0,182.809896,23679.6295,26203.39178,0.903685664,1,2
TRYK54T,TRYKB162T,B156(X54)*,2,ISL,ISL2,1061.859192,124.446792,23862.43939,26203.39178,0.910662237,1,2
TRYKB152T,TRYK54T,B152*,2,ISL,ISL2,937.4124,71.579232,23986.88618,26203.39178,0.9154115,1,2
TRYKB150T,TRYKB152T,B150,2,ISL,ISL2,865.833168,50.340768,24058.46542,26203.39178,0.918143178,1,2
TISLB148T,TRYKB150T,B148*,2,ISL,ISL2,815.4924,132.539232,24108.80618,26203.39178,0.920064333,1,2
TISL52T,TISLB148T,B144(X52),2,ISL,ISL2,682.953168,216.456768,24241.34542,26203.39178,0.925122428,1,2
TISL48TB,TISL52T,B136ST(X48),2,ISL,ISL2,466.4964,152.4,24457.80218,26203.39178,0.933383067,1,2
TISL20T,TISL48TB,B132ST(X20),2,ISL,ISL2,314.0964,105.4608,24610.20218,26203.39178,0.939199108,1,2
TISL18TA,TISL20T,B128ST(X18),2,ISL,ISL2,208.6356,77.08392,24715.66298,26203.39178,0.943223808,1,2
TISL16TA,TISL18TA,B126(X16),2,ISL,ISL2,131.55168,131.55168,24792.7469,26203.39178,0.946165562,1,2
TISLB122T,TISL16TA,B122GT,2,ISL,ISL2,0,152.147016,24924.29858,26203.39178,0.951185968,1,2
TISL8T,TISLB122T,B116(X8),2,KIP,KIP2,1126.946184,158.291784,25076.4456,26203.39178,0.956992355,1,2
TSGLB112T,TISL8T,B112GT,2,KIP,KIP2,968.6544,93.2688,25234.73738,26203.39178,0.963033244,1,2
TSGLB108T,TSGLB112T,B108*,2,KIP,KIP2,875.3856,50.4444,25328.00618,26203.39178,0.966592661,1,2
TISLB106T,TSGLB108T,B106GT,2,KIP,KIP2,824.9412,162.9156,25378.45058,26203.39178,0.96851777,1,2
TKIPB100T,TISLB106T,B100GT,2,KIP,KIP2,662.0256,213.36,25541.36618,26203.39178,0.974735118,1,2
TKIP22T,TKIPB100T,B94ST(X22),2,KIP,KIP2,448.6656,134.112,25754.72618,26203.39178,0.982877575,1,2
TKIP20T,TKIP22T,B90ST(X20),2,KIP,KIP2,314.5536,85.344,25888.83818,26203.39178,0.987995691,1,2
TKIP18T,TKIP20T,B88GTST(X18),2,KIP,KIP2,229.2096,41.4528,25974.18218,26203.39178,0.991252674,1,2
TKIP16TA,TKIP18T,B86GT(X16),2,KIP,KIP2,187.7568,187.7568,26015.63498,26203.39178,0.992834638,1,2
TKIPB80T,TKIP16TA,BA81(X12),2,KIP,KIP2,0,162.1536,26203.39178,26203.39178,1,1,2
TKIPBA80T,TKIP6T,BA74(X6),1,KIP,KIP1,0,162.1536,0,26286.66218,0,1,2
TKIP10TE,TKIPBA80T,B81,1,ISL,ISL1,1126.946184,133.1976,162.1536,26286.66218,0.006168665,1,2
TKIP14AT,TKIP10TE,BA84(X14),1,ISL,ISL1,993.748584,71.628,295.3512,26286.66218,0.011235782,1,2
TKIPB87T,TKIP14AT,B87,1,ISL,ISL1,922.120584,182.88,366.9792,26286.66218,0.013960662,1,2
TISLB93T,TKIPB87T,B93,1,ISL,ISL1,739.240584,182.88,549.8592,26286.66218,0.020917802,1,2
TISL38T,TISLB93T,B99GT(X38),1,ISL,ISL1,556.360584,146.304,732.7392,26286.66218,0.027874943,1,2
TISL103T,TISL38T,B103GT,1,ISL,ISL1,410.056584,158.496,879.0432,26286.66218,0.033440655,1,2
TISLB109T,TISL103T,B109GT,1,ISL,ISL1,251.560584,121.92,1037.5392,26286.66218,0.039470177,1,2
TISL4T,TISLB109T,B113GT(X4),1,ISL,ISL1,129.640584,129.640584,1159.4592,26286.66218,0.04410827,1,2
TISL2T,TISL4T,BA115(X6),1,ISL,ISL1,0,155.195016,1289.099784,26286.66218,0.049040071,1,2
TISL10TE,TISL2T,B121(X10),1,RYK,RYK1,942.033168,122.8344,1444.2948,26286.66218,0.054944016,1,2
TISL26TB,TISL10TE,B125(X26),1,RYK,RYK1,819.198768,49.53,1567.1292,26286.66218,0.059616896,1,2
TISL42AT,TISL26TB,B127*,1,RYK,RYK1,769.668768,147.828,1616.6592,26286.66218,0.061501121,1,2
TISL42TA,TISL42AT,B131(X42),1,RYK,RYK1,621.840768,84.091272,1764.4872,26286.66218,0.06712481,1,2
TISL50AT,TISL42TA,BA134(X50),1,RYK,RYK1,537.749496,202.115928,1848.578472,26286.66218,0.070323819,1,2
TRYKB141T,TISL50AT,B141,1,RYK,RYK1,335.633568,189.329568,2050.6944,26286.66218,0.078012735,1,2
TRYKB147T,TRYKB141T,B147,1,RYK,RYK1,146.304,146.304,2240.023968,26286.66218,0.08521523,1,2
TRYKB153T,TRYKB147T,B153GT,1,RYK,RYK1,0,280.062432,2386.327968,26286.66218,0.090780942,1,2
TRYKB161T,TRYKB153T,B161,1,OML,OML1,1164.9456,219.7608,2666.3904,26286.66218,0.101435107,1,2
TRYKB169T,TRYKB161T,B169,1,OML,OML1,945.1848,170.688,2886.1512,26286.66218,0.109795271,1,2
TRYKB175T,TRYKB169T,B175GT,1,OML,OML1,774.4968,144.78,3056.8392,26286.66218,0.116288602,1,2
TRYKB179T,TRYKB175T,B179*,1,OML,OML1,629.7168,62.484,3201.6192,26286.66218,0.121796338,1,2
TRYKB181T,TRYKB179T,B181GT,1,OML,OML1,567.2328,115.824,3264.1032,26286.66218,0.124173361,1,2
TOMLB185T,TRYKB181T,B185GT,1,OML,OML1,451.4088,175.400208,3379.9272,26286.66218,0.12857955,1,2
TOMLB191T,TOMLB185T,B191GT,1,OML,OML1,276.008592,135.495792,3555.327408,26286.66218,0.135252144,1,2
TOMLB195T,TOMLB191T,B195GT,1,OML,OML1,140.5128,140.5128,3690.8232,26286.66218,0.140406689,1,2
TOMLB199T,TOMLB195T,B199GT,1,OML,OML1,0,179.5272,3831.336,26286.66218,0.145752092,1,2
TOMLB205T,TOMLB199T,B205,1,JNE,JNE1,721.7664,44.196,4010.8632,26286.66218,0.152581685,1,2
TOMLB207T,TOMLB205T,B207*,1,JNE,JNE1,677.5704,187.452,4055.0592,26286.66218,0.154262994,1,2
TJANB213T,TOMLB207T,B213,1,JNE,JNE1,490.1184,140.208,4242.5112,26286.66218,0.161394063,1,2
TJANB217T,TJANB213T,B217,1,JNE,JNE1,349.9104,99.06,4382.7192,26286.66218,0.16672787,1,2
TJANB221T,TJANB217T,B221*,1,JNE,JNE1,345.85656,71.628,4481.7792,26286.66218,0.170496321,1,2
TJANB223T,TJANB221T,B223,1,JNE,JNE1,179.2224,50.292,4553.4072,26286.66218,0.173221201,1,2
TJANB225T,TJANB223T,B225*,1,JNE,JNE1,128.9304,128.9304,4603.6992,26286.66218,0.175134415,1,2
TJAN6T,TJANB225T,B229(X6),1,JNE,JNE1,0,166.63416,4732.6296,26286.66218,0.180039199,1,2
TJAN10TE,TJAN6T,B235(X10),1,RUN,RUN1,471.00744,67.354704,4899.26376,26286.66218,0.186378313,1,2
TJAN14AT,TJAN10TE,BA236(X14),1,RUN,RUN1,403.652736,111.044736,4966.618464,26286.66218,0.188940628,1,2
TJANB241T,TJAN14AT,B241,1,RUN,RUN1,292.608,121.92,5077.6632,26286.66218,0.193165004,1,2
TRUNB245T,TJANB241T,B245,1,RUN,RUN1,170.688,170.688,5199.5832,26286.66218,0.197803097,1,2
TRUNB251T,TRUNB245T,B251,1,RUN,RUN1,0,204.8256,5370.2712,26286.66218,0.204296428,1,2
TRUNB257T,TRUNB251T,B257,1,HPK,HPK1,522.1224,124.968,5575.0968,26286.66218,0.212088426,1,2
TRUNB261T,TRUNB257T,B261,1,HPK,HPK1,397.1544,138.684,5700.0648,26286.66218,0.216842472,1,2
TRUNB265T,TRUNB261T,B265,1,HPK,HPK1,258.4704,148.7424,5838.7488,26286.66218,0.222118303,1,2
THPKB269T,TRUNB265T,B269,1,HPK,HPK1,109.728,109.728,5987.4912,26286.66218,0.227776777,1,2
THPKB273T,THPKB269T,B273,1,HPK,HPK1,0,162.4584,6097.2192,26286.66218,0.231951062,1,2
THPK2T,THPKB273T,B279(X2),1,KEL,KEL1,531.4188,159.1056,6259.6776,26286.66218,0.238131321,1,2
THPKB285T,THPK2T,B285,1,KEL,KEL1,372.3132,134.112,6418.7832,26286.66218,0.244184034,1,2
TKELB289T,THPKB285T,B289,1,KEL,KEL1,238.2012,62.484,6552.8952,26286.66218,0.249285937,1,2
TKELB291T,TKELB289T,B291*,1,KEL,KEL1,175.7172,126.492,6615.3792,26286.66218,0.251662959,1,2
TKEL6T,TKELB291T,B295(X6),1,KEL,KEL1,49.2252,49.2252,6741.8712,26286.66218,0.256474982,1,2
TKEL10AT,TKEL6T,BA296,1,KEL,KEL1,0,160.8582,6791.0964,26286.66218,0.258347612,1,2
TKEL10TE,TKEL10AT,B303(X10),1,DNW,DNW1,374.2182,70.7136,6951.9546,26286.66218,0.264466997,1,2
TKEL22TB,TKEL10TE,B305(X22),1,DNW,DNW1,303.5046,150.495,7022.6682,26286.66218,0.267157091,1,2
TDNWB309T,TKEL22TB,B309,1,DNW,DNW1,153.0096,51.816,7173.1632,26286.66218,0.272882238,1,2
TDNWB311T,TDNWB309T,B311*,1,DNW,DNW1,101.1936,101.1936,7224.9792,26286.66218,0.274853428,1,2
TDNWB315T,TDNWB311T,B315,1,DNW,DNW1,0,255.4224,7326.1728,26286.66218,0.278703045,1,2
TDNWB323T,TDNWB315T,B323,1,LAN,LAN1,627.888,208.788,7581.5952,26286.66218,0.288419851,1,2
TDNWB329T,TDNWB323T,B329,1,LAN,LAN1,419.1,105.156,7790.3832,26286.66218,0.296362587,1,2
TDNWB333T,TDNWB329T,B333*,1,LAN,LAN1,313.944,103.632,7895.5392,26286.66218,0.300362942,1,2
TLANB337T,TDNWB333T,B337,1,LAN,LAN1,210.312,210.312,7999.1712,26286.66218,0.304305322,1,2
TLANB343T,TLANB337T,B343,1,LAN,LAN1,0,207.8736,8209.4832,26286.66218,0.312306033,1,2
TLANB351T,TLANB343T,B351,1,DUF,DUF1,336.1944,170.688,8417.3568,26286.66218,0.320213983,1,2
TDUFB355T,TLANB351T,B355,1,DUF,DUF1,165.5064,39.0144,8588.0448,26286.66218,0.326707314,1,2
TDUFB357T,TDUFB355T,B357*,1,DUF,DUF1,126.492,126.492,8627.0592,26286.66218,0.328191504,1,2
TDUFB361T,TDUFB357T,B361,1,DUF,DUF1,0,170.0784,8753.5512,26286.66218,0.333003526,1,2
TDUFB367T,TDUFB361T,B367,1,OSS,OSS1,535.5336,216.1032,8923.6296,26286.66218,0.339473667,1,2
TDUFB373T,TDUFB367T,B373,1,OSS,OSS1,319.4304,146.304,9139.7328,26286.66218,0.347694688,1,2
TOSSB379T,TDUFB373T,B379,1,OSS,OSS1,173.1264,173.1264,9286.0368,26286.66218,0.3532604,1,2
TOSS2T,TOSSB379T,B385(X2),1,OSS,OSS1,0,226.109784,9459.1632,26286.66218,0.359846493,1,2
TOSS6TB,TOSS2T,B391(X6),1,CHR,CHR1,526.746216,146.355816,9685.272984,26286.66218,0.368448185,1,2
TOSS22T,TOSS6TB,B397GT(X22),1,CHR,CHR1,380.3904,75.5904,9831.6288,26286.66218,0.374015869,1,2
TOSS30TA,TOSS22T,B399*,1,CHR,CHR1,304.8,84.4296,9907.2192,26286.66218,0.376891487,1,2
TOSSB401T,TOSS30TA,B410GT,1,CHR,CHR1,220.3704,220.3704,9991.6488,26286.66218,0.380103367,1,2
TCHRB409T,TOSSB401T,B409,1,CHR,CHR1,0,222.0468,10212.0192,26286.66218,0.388486721,1,2
TCHRB417T,TCHRB409T,B417,1,BAT,BAT1,392.1252,239.7252,10434.066,26286.66218,0.396933849,1,2
TBATB425T,TCHRB417T,B425,1,BAT,BAT1,152.4,152.4,10673.7912,26286.66218,0.406053501,1,2
TBATB429T,TBATB425T,B429,1,BAT,BAT1,0,183.0324,10826.1912,26286.66218,0.411851118,1,2
TBATB435T,TBATB429T,B435,1,BSP,BSP1,365.6076,214.7316,11009.2236,26286.66218,0.418814056,1,2
TBSPB443T,TBATB435T,B443,1,BSP,BSP1,150.876,150.876,11223.9552,26286.66218,0.426982898,1,2
TBSP70T,TBSPB443T,B447(X70),1,BSP,BSP1,0,189.5856,11374.8312,26286.66218,0.432722539,1,2
TBSP72T,TBSP70T,B453(X72),1,SGL,SGL1,352.9584,71.390256,11564.4168,26286.66218,0.439934774,1,2
TSGL74TB,TBSP72T,B455(X74),1,SGL,SGL1,281.568144,39.252144,11635.80706,26286.66218,0.44265061,1,2
TSGUY457T,TSGL74TB,B457*,1,SGL,SGL1,242.316,105.7656,11675.0592,26286.66218,0.444143844,1,2
TSGLB461T,TSGUY457T,B461,1,SGL,SGL1,136.5504,77.1144,11780.8248,26286.66218,0.448167391,1,2
TSGLB463T,TSGLB461T,B463*,1,SGL,SGL1,59.436,59.436,11857.9392,26286.66218,0.451100985,1,2
TSGL100T,TSGLB463T,B465(X100),1,SGL,SGL1,0,159.1818,11917.3752,26286.66218,0.453362056,1,2
TSGL102TB,TSGL100T,B471(X102),1,BAU,BAU1,450.4182,55.7022,12076.557,26286.66218,0.459417666,1,2
TSGLB472TA,TSGL102TB,B472*,1,BAU,BAU1,394.716,83.7438,12132.2592,26286.66218,0.461536695,1,2
TSGL108T,TSGLB472TA,BA474(X108),1,BAU,BAU1,310.9722,87.5538,12216.003,26286.66218,0.464722486,1,2
TSGLB477T,TSGL108T,B477,1,BAU,BAU1,223.4184,223.4184,12303.5568,26286.66218,0.468053217,1,2
TBAUB485T,TSGLB477T,B485,1,BAU,BAU1,0,174.3456,12526.9752,26286.66218,0.476552524,1,2
TBAU46T,TBAUB485T,B491(X46),1,YNG,YNG1,293.5224,103.0224,12701.3208,26286.66218,0.483184997,1,2
TYNG48T,TBAU46T,B495(X48),1,YNG,YNG1,190.5,89.916,12804.3432,26286.66218,0.487104187,1,2
TYNGB497TA,TYNG48T,B497*,1,YNG,YNG1,100.584,100.584,12894.2592,26286.66218,0.490524781,1,2
TYNGB503T,TYNGB497TA,B501GT,1,YNG,YNG1,0,188.976,12994.8432,26286.66218,0.494351208,1,2
TYNGB507T,TYNGB503T,B507,1,SHE,SHE1,573.024,225.552,13183.8192,26286.66218,0.501540253,1,2
TYNGB513T,TYNGB507T,B513,1,SHE,SHE1,347.472,155.448,13409.3712,26286.66218,0.510120726,1,2
TSHEB519T,TYNGB513T,B519,1,SHE,SHE1,192.024,192.024,13564.8192,26286.66218,0.516034295,1,2
TSHEB525T,TSHEB519T,B525,1,SHE,SHE1,0,229.8192,13756.8432,26286.66218,0.523339293,1,2
TSHEB533T,TSHEB525T,B533,1,CFK,CFK1,421.5384,243.2304,13986.6624,26286.66218,0.532082099,1,2
TCFKB541T,TSHEB533T,B541,1,CFK,CFK1,178.308,178.308,14229.8928,26286.66218,0.541335096,1,2
TCFKB547T,TCFKB541T,B547,1,CFK,CFK1,0,174.3456,14408.2008,26286.66218,0.548118308,1,2
TCFKB553T,TCFKB547T,B553,1,BRD,BRD1,710.3364,193.7766,14582.5464,26286.66218,0.554750782,1,2
TCFKB559T,TCFKB553T,B559,1,BRD,BRD1,516.5598,143.3322,14776.323,26286.66218,0.562122452,1,2
TCFKB563T,TCFKB559T,B563,1,BRD,BRD1,373.2276,174.9552,14919.6552,26286.66218,0.567575111,1,2
TBRDB569T,TCFKB563T,B569,1,BRD,BRD1,198.2724,198.2724,15094.6104,26286.66218,0.574230775,1,2
TBRD2T,TBRDB569T,B575(X2),1,BRD,BRD1,0,163.9062,15292.8828,26286.66218,0.581773475,1,2
TBRD4T,TBRD2T,B581(X4),1,CHE,CHE1,421.767,114.440208,15456.789,26286.66218,0.588008812,1,2
TBRD6TB,TBRD4T,B585(X6),1,CHE,CHE1,307.326792,151.674576,15571.22921,26286.66218,0.592362358,1,2
TBRD22T,TBRD6TB,B589GT(X22),1,CHE,CHE1,155.652216,97.435416,15722.90378,26286.66218,0.598132379,1,2
TBRD30TA,TBRD22T,B593*,1,CHE,CHE1,58.2168,58.2168,15820.3392,26286.66218,0.601839027,1,2
TCHEB595T,TBRD30TA,B595GT,1,CHE,CHE1,0,178.689,15878.556,26286.66218,0.604053717,1,2
TCHEB601T,TCHEB595T,B601,1,PAP,PAP1,384.429,219.837,16057.245,26286.66218,0.610851423,1,2
TPAPB607T,TCHEB601T,B607,1,PAP,PAP1,164.592,164.592,16277.082,26286.66218,0.619214486,1,2
TPAPB613T,TPAPB607T,B613,1,PAP,PAP1,0,210.312,16441.674,26286.66218,0.625475912,1,2
TPAPB621T,TPAPB613T,B621,1,DON,DON1,368.046,179.07,16651.986,26286.66218,0.633476623,1,2
TDONB627T,TPAPB621T,B627,1,DON,DON1,188.976,86.5632,16831.056,26286.66218,0.640288823,1,2
TDON60AT,TDONB627T,B62*,1,DON,DON1,102.4128,102.4128,16917.6192,26286.66218,0.64358187,1,2
TDON60T,TDON60AT,B633(X60),1,DON,DON1,0,178.9176,17020.032,26286.66218,0.647477868,1,2
TDON62T,TDON60T,B639(X62),1,GWD,GWD1,470.916,97.155,17198.9496,26286.66218,0.654284271,1,2
TGWY64TB,TDON62T,B641(X64),1,GWD,GWD1,373.761,48.2346,17296.1046,26286.66218,0.657980252,1,2
TGWY90AT,TGWY64TB,B643*,1,GWD,GWD1,325.5264,148.660104,17344.3392,26286.66218,0.659815197,1,2
TGWY90T,TGWY90AT,B647(X90),1,GWD,GWD1,176.866296,95.179896,17492.9993,26286.66218,0.665470541,1,2
TGWY94TA,TGWY90T,B651*,1,GWD,GWD1,81.6864,81.6864,17588.1792,26286.66218,0.669091385,1,2
TGWDB653T,TGWY94TA,B653,1,GWD,GWD1,0,270.3576,17669.8656,26286.66218,0.672198907,1,2
TGWDB663T,TGWDB653T,B663,1,COX,COX1,376.428,211.836,17940.2232,26286.66218,0.68248388,1,2
TCOXB669T,TGWDB663T,B669,1,COX,COX1,164.592,164.592,18152.0592,26286.66218,0.690542568,1,2
TCOXB675T,TCOXB669T,B675,1,COX,COX1,0,208.407,18316.6512,26286.66218,0.696803994,1,2
TCOX30T,TCOXB675T,B681(X30),1,WDB,WDB1,635.4318,200.025,18525.0582,26286.66218,0.704732235,1,2
TCOX22T,TCOX30T,B689ST(X22),1,WDB,WDB1,435.4068,195.072,18725.0832,26286.66218,0.712341608,1,2
TCOX20T,TCOX22T,B695XT(X20),1,WDB,WDB1,240.3348,97.536,18920.1552,26286.66218,0.719762557,1,2
TWDB18T,TCOX20T,B697XT(X18),1,WDB,WDB1,142.7988,30.48,19017.6912,26286.66218,0.723473032,1,2
TWDB16TE,TWDB18T,B699(x16),1,WDB,WDB1,112.3188,112.3188,19048.1712,26286.66218,0.724632556,1,2
TWDBB703T,TWDB16TE,BA702(X12),1,WDB,WDB1,0,164.1348,19160.49,26286.66218,0.728905399,1,2
TWDB8T,TWDBB703T,B707(X8),1,MST,MST1,791.2608,210.312,19324.6248,26286.66218,0.735149433,1,2
TWDBB715T,TWDB8T,B715,1,MST,MST1,580.9488,134.112,19534.9368,26286.66218,0.743150144,1,2
TWDBB719T,TWDBB715T,B719,1,MST,MST1,446.8368,169.164,19669.0488,26286.66218,0.748252047,1,2
TWDBB725T,TWDBB719T,B725,1,MST,MST1,277.6728,137.16,19838.2128,26286.66218,0.754687402,1,2
TWDBB729T,TWDBB725T,B729,1,MST,MST1,140.5128,140.5128,19975.3728,26286.66218,0.759905258,1,2
TMSTB733T,TWDBB729T,B733,1,MST,MST1,0,174.0408,20115.8856,26286.66218,0.765250661,1,2
TMSTB739T,TMSTB733T,B739,1,VPK,VPK1,1033.8816,146.9136,20289.9264,26286.66218,0.771871539,1,2
TMSTB745T,TMSTB739T,B745,1,VPK,VPK1,886.968,152.4,20436.84,26286.66218,0.777460442,1,2
TMSTB749T,TMSTB745T,B749,1,VPK,VPK1,734.568,107.8992,20589.24,26286.66218,0.783258059,1,2
TMSTB753T,TMSTB749T,B753*,1,VPK,VPK1,626.6688,93.2688,20697.1392,26286.66218,0.787362772,1,2
TMSTB757T,TMSTB753T,B757,1,VPK,VPK1,533.4,280.416,20790.408,26286.66218,0.790910913,1,2
TVPKB765T,TMSTB757T,B765,1,VPK,VPK1,252.984,252.984,21070.824,26286.66218,0.801578529,1,2
TVPK6T,TVPKB765T,B773(X6),1,VPK,VPK1,0,215.4936,21323.808,26286.66218,0.811202573,1,2
TVPK10TE,TVPK6T,B781(X10),1,WAR,WAR1,1985.01,115.91544,21539.3016,26286.66218,0.819400403,1,2
TVPK14AT,TVPK10TE,BA784(X14),1,WAR,WAR1,1869.09456,94.09176,21655.21704,26286.66218,0.823810071,1,2
TVPKB787T,TVPK14AT,B787,1,WAR,WAR1,1775.0028,164.8968,21749.3088,26286.66218,0.82738952,1,2
TVPKB793T,TVPKB787T,B793,1,WAR,WAR1,1610.106,313.944,21914.2056,26286.66218,0.833662541,1,2
TWARB803T,TVPKB793T,B803,1,WAR,WAR1,1296.162,236.8296,22228.1496,26286.66218,0.845605632,1,2
TWARB811T,TWARB803T,B811*,1,WAR,WAR1,1059.3324,131.9784,22464.9792,26286.66218,0.854615129,1,2
TWARB815T,TWARB811T,B815,1,WAR,WAR1,927.354,294.7416,22596.9576,26286.66218,0.859635866,1,2
TWARB825T,TWARB815T,B825,1,WAR,WAR1,632.6124,207.264,22891.6992,26286.66218,0.870848457,1,2
TWAR22T,TWARB825T,B831ST(X22),1,WAR,WAR1,425.3484,112.776,23098.9632,26286.66218,0.878733216,1,2
TWAR20T,TWAR22T,B835GTST(X20),1,WAR,WAR1,312.5724,141.1224,23211.7392,26286.66218,0.883023453,1,2
TWAR18T,TWAR20T,B839GTST(X18),1,WAR,WAR1,171.45,33.528,23352.8616,26286.66218,0.888392046,1,2
TWAR16TB,TWAR18T,B841GTST(X16),1,WAR,WAR1,137.922,84.4296,23386.3896,26286.66218,0.889667522,1,2
TWAR12TA,TWAR16TB,B844*,1,WAR,WAR1,53.4924,53.4924,23470.8192,26286.66218,0.892879402,1,2
TWARB845T,TWAR12TA,BA846(X12),1,WAR,WAR1,0,164.1348,23524.3116,26286.66218,0.894914365,1,2
TWAR8T,TWARB845T,B851(X8),1,KEN,KEN1,2598.215784,117.6528,23688.4464,26286.66218,0.901158399,1,2
TWAR855T,TWAR8T,B855*,1,KEN,KEN1,2480.562984,85.344,23806.0992,26286.66218,0.905634159,1,2
TWAR857T,TWAR855T,B857,1,KEN,KEN1,2395.218984,219.340176,23891.4432,26286.66218,0.908880825,1,2
TWAR865T,TWAR857T,B865GT,1,KEN,KEN1,2175.878808,280.169112,24110.78338,26286.66218,0.917224987,1,2
TWARB875T,TWAR865T,B875,1,KEN,KEN1,1895.709696,244.385592,24390.95249,26286.66218,0.92788321,1,2
TKENB883T,TWARB875T,B883,1,KEN,KEN1,1651.324104,219.248736,24635.33808,26286.66218,0.937180153,1,2
TKENB889T,TKENB883T,B889,1,KEN,KEN1,1432.075368,194.438016,24854.58682,26286.66218,0.945520836,1,2
TKENB895T,TKENB889T,B895GT,1,KEN,KEN1,1237.637352,186.72048,25049.02483,26286.66218,0.952917668,1,2
TKENB901T,TKENB895T,B901,1,KEN,KEN1,1050.916872,191.069976,25235.74531,26286.66218,0.960020909,1,2
TKENB909T,TKENB901T,B909,1,KEN,KEN1,859.846896,207.358488,25426.81529,26286.66218,0.967289613,1,2
TKENB915T,TKENB909T,B915GT,1,KEN,KEN1,652.488408,232.580688,25634.17378,26286.66218,0.975177967,1,2
TKEN22T,TKENB915T,B923GTST(X22),1,KEN,KEN1,419.90772,114.251232,25866.75446,26286.66218,0.984025826,1,2
TKEN20T,TKEN22T,B927GTST(X20),1,KEN,KEN1,305.656488,92.509848,25981.0057,26286.66218,0.988372183,1,2
TKEN18T,TKEN20T,B929GTST(X18),1,KEN,KEN1,213.14664,49.063656,26073.51554,26286.66218,0.991891453,1,2
TKEN16TE,TKEN18T,B931GTST(X16),1,KEN,KEN1,164.082984,164.082984,26122.5792,26286.66218,0.993757938,1,2
TKENB937T,TKEN16TE,B937GTST,1,KEN,KEN1,0,156.91104,26286.66218,26286.66218,1,1,2
TKIP16TC,TKIPB80T,BA81(X12),1,ISL,ISL1,1260.143784,133.2,0,0,0,0,2
TKIP10TE,TKIP16TC,x,1,ISL,ISL1,1126.946184,133.1976,0,0,0,0,2
TKIP16TD,TKIP18T,x,1,KIP,KIP1,266.3976,133.2,0,0,0,0,2
TKIP10TA,TKIP16TD,x,1,KIP,KIP1,133.1976,133.1976,0,0,0,0,2
TKIPBA80T,TKIP10TA,x,1,KIP,KIP1,0,152.4,0,0,0,0,2
TKENBA937T,TKEN10TE,B937GTST,2,KEN,KEN2,0,159.96,0,0,0,0,2
TKEN10TE,TKEN16TC,x,2,KEN,KEN2,159.96,130.55,0,0,0,0,2
TKEN16TC,TKEN18T,x,2,KEN,KEN2,209.02,49.06,0,0,0,0,2
TKEN16TD,TKENB937T,x,2,WAR,WAR2,2644.227784,49.06,0,0,0,0,2
TKEN10TA,TKEN16TD,x,2,WAR,WAR2,2595.167784,130.554984,0,0,0,0,2
TISL44TB,TISL30AT,BA133,1,RYK,RYK1,705.930768,84.09,0,0,0,0,2
TISL42TA,TISL44TB,BA134(X50),1,RYK,RYK1,621.840768,84.091272,0,0,0,0,2
TISL30TB,TISL30AT,BA128,2,ISL,ISL2,285.72,49.53,0,0,0,0,2
TISL18TB,TISL30TB,BA128,2,ISL,ISL2,208.64,77.08,0,0,0,0,2
TOSS10TB,TOSS10AT,x,2,OSS,OSS2,142.016232,75.39,0,0,0,0,2
TOSS8TB,TOSS10TB,x,2,OSS,OSS2,66.626232,66.626232,0,0,0,0,2
TOSSB392T,TOSS8TB,x,2,OSS,OSS2,0,166.545768,0,0,0,0,2
TOSS24TB,TOSS10AT,x,1,CHR,CHR1,334.8,66.626232,0,0,0,0,2
TOSS30TB,TOSS24TB,x,1,CHR,CHR1,304.8,30,0,0,0,0,2
TOSS6TA,TOSS2T,x,1,CHR,CHR1,526.746216,146.355816,0,0,0,0,2
TBRD28TA,TCHE32T,B594(X28),2,BRD,BRD2,443.078616,144.374616,0,0,0,0,2
TCHEB595T,TOSS30TC,B595GT,1,CHE,CHE1,0,178.689,0,0,0,0,2
TOSS30TC,TBRD24TA,x,1,CHE,CHE1,58.2168,58.2168,0,0,0,0,2
TBRD24TA,TBRD10AT,x,1,CHE,CHE1,88.6968,30.48,0,0,0,0,2
TBRD8TA,TBRD10TB,x,2,BRD,BRD2,231.547416,91.44,0,0,0,0,2
TBRD10TB,TBRD10AT,x,2,BRD,BRD2,322.987416,91.44,0,0,0,0,2
TKEN6T,TKENBA937T,BA941,2,KEN,KEN2,159.96,159.96,0,0,0,0,2
TKENB937T,TKEN8T,B941,1,KEN,KEN1,0,156.91104,0,0,0,0,2
TKEN8T,TKENB937T,B941,1,KEN,KEN1,156.91104,156.91104,0,0,0,0,2
TKIP8T,TKIPB80T,BA81,2,KIP,KIP2,162.1536,162.1536,0,0,0,0,2
TKIPB80T,TKIP8T,BA81,2,KIP,KIP2,0,162.1536,0,0,0,0,2
TKIP6T,TKIPBA80T,BA74,1,KIP,KIP1,162.1536,162.1536,0,0,0,0,2
TDMLA4536T,TDML6T,x,2,DML,DML2,0,110,0,5415,0,1,3
TDML10T,TDMLA4536T,x,2,LES,LES2,1610,102,110,5415,0.020313943,1,3
TDML24TA,TDML10T,x,2,LES,LES2,1508,154,212,5415,0.039150508,1,3
TDML4511T,TDML24TA,x,2,LES,LES2,1354,199,366,5415,0.067590028,1,3
TDML34T,TDML4511T,x,2,LES,LES2,1155,203,565,5415,0.104339797,1,3
TLES4471T,TDML34T,x,2,LES,LES2,952,210,768,5415,0.141828255,1,3
TLES4449T,TLES4471T,x,2,LES,LES2,742,206,978,5415,0.180609418,1,3
TLES4429T,TLES4449T,x,2,LES,LES2,536,208,1184,5415,0.218651893,1,3
TLES4407T,TLES4429T,x,2,LES,LES2,368,160,1392,5415,0.257063712,1,3
TLES28T,TLES4407T,x,2,LES,LES2,168,168,1552,5415,0.286611265,1,3
TLES4375T,TLES28T,x,2,LES,LES2,0,108,1720,5415,0.317636196,1,3
TLES36T,TLES4375T,x,2,BSS,BSS2,666,211,1828,5415,0.337580794,1,3
TLES4343T,TLES36T,x,2,BSS,BSS2,455,147,2039,5415,0.37654663,1,3
TBSS4329T,TLES4343T,x,2,BSS,BSS2,308,144,2186,5415,0.403693444,1,3
TBSS34T,TBSS4329T,x,2,BSS,BSS2,164,164,2330,5415,0.430286242,1,3
TBSS4297T,TBSS34T,x,2,BSS,BSS2,0,115,2494,5415,0.460572484,1,3
TBSS32T,TBSS4297T,x,2,BYV,BYV2,763,99,2609,5415,0.481809788,1,3
TBSS4277T,TBSS32T,x,2,BYV,BYV2,664,144,2708,5415,0.500092336,1,3
TBYV30T,TBSS4277T,x,2,BYV,BYV2,520,180,2852,5415,0.526685134,1,3
TBYV6T,TBYV30T,x,2,BYV,BYV2,340,154,3032,5415,0.559926131,1,3
TBYV10TA,TBYV6T,x,2,BYV,BYV2,186,186,3186,5415,0.588365651,1,3
TBYV4209T,TBYV10TA,x,2,BYV,BYV2,0,113,3372,5415,0.622714681,1,3
TBYV26T,TBYV4209T,x,2,YIE,YIE2,1930,125,3485,5415,0.643582641,1,3
TBYV4187T,TBYV26T,x,2,YIE,YIE2,1805,180,3610,5415,0.666666667,1,3
TBYV24T,TBYV4187T,x,2,YIE,YIE2,1625,239,3790,5415,0.699907664,1,3
TBYV4145T,TBYV24T,x,2,YIE,YIE2,1386,245,4029,5415,0.744044321,1,3
TYIE4119T,TBYV4145T,x,2,YIE,YIE2,1141,258,4274,5415,0.789289012,1,3
TYIE4093T,TYIE4119T,x,2,YIE,YIE2,883,157,4532,5415,0.836934441,1,3
TYIE4077T,TYIE4093T,x,2,YIE,YIE2,726,226,4689,5415,0.865927978,1,3
TYIE22T,TYIE4077T,x,2,YIE,YIE2,500,117,4915,5415,0.907663897,1,3
TYIE20T,TYIE22T,x,2,YIE,YIE2,383,83,5032,5415,0.929270545,1,3
TYIE18T,TYIE20T,x,2,YIE,YIE2,300,61,5115,5415,0.944598338,1,3
TYIE16TA,TYIE18T,x,2,YIE,YIE2,239,169,5176,5415,0.955863343,1,3
TYIE12T,TYIE16TA,x,2,YIE,YIE2,70,70,5345,5415,0.987072946,1,3
TYIE66T,TYIE12T,x,2,YIE,YIE2,0,108,5415,5415,1,1,3
TYIE2T,TYIW44TA,x,1,YIE,YIE1,0,106,0,5432,0,1,3
TYIE10T,TYIE2T,x,1,BYV,BYV1,1948,88,106,5432,0.019513991,1,3
TYIE24TE,TYIE10T,x,1,BYV,BYV1,1860,154,194,5432,0.035714286,1,3
TYIE4028T,TYIE24TE,x,1,BYV,BYV1,1706,188,348,5432,0.064064801,1,3
TYIE68T,TYIE4028T,x,1,BYV,BYV1,1518,334,536,5432,0.098674521,1,3
TYIE4080T,TYIE68T,x,1,BYV,BYV1,1184,301,870,5432,0.160162003,1,3
TBYV22T,TYIE4080T,x,1,BYV,BYV1,883,248,1171,5432,0.215574374,1,3
TBYV4140T,TBYV22T,x,1,BYV,BYV1,635,215,1419,5432,0.26122975,1,3
TBYV4156T,TBYV4140T,x,1,BYV,BYV1,420,205,1634,5432,0.300810015,1,3
TBYV20T,TBYV4156T,x,1,BYV,BYV1,215,215,1839,5432,0.338549337,1,3
TBYV18T,TBYV20T,x,1,BYV,BYV1,0,115,2054,5432,0.378129602,1,3
TBYV16TE,TBYV18T,x,1,BSS,BSS1,761,166,2169,5432,0.399300442,1,3
TBYV4228T,TBYV16TE,x,1,BSS,BSS1,595,150,2335,5432,0.429860088,1,3
TBYV4242T,TBYV4228T,x,1,BSS,BSS1,445,149,2485,5432,0.457474227,1,3
TBSS4256T,TBYV4242T,x,1,BSS,BSS1,296,150,2634,5432,0.484904271,1,3
TBSS42T,TBSS4256T,x,1,BSS,BSS1,146,146,2784,5432,0.512518409,1,3
TBSS4286T,TBSS42T,x,1,BSS,BSS1,0,115,2930,5432,0.539396171,1,3
TBSS40T,TBSS4286T,x,1,LES,LES1,662,107,3045,5432,0.56056701,1,3
TBSS4308T,TBSS40T,x,1,LES,LES1,555,117,3152,5432,0.580265096,1,3
TBSS4320T,TBSS4308T,x,1,LES,LES1,438,142,3269,5432,0.601804124,1,3
TLES4334T,TBSS4320T,x,1,LES,LES1,296,164,3411,5432,0.627945508,1,3
TLES38T,TLES4334T,x,1,LES,LES1,132,132,3575,5432,0.658136966,1,3
TLES4364T,TLES38T,x,1,LES,LES1,0,111,3707,5432,0.682437408,1,3
TLES30T,TLES4364T,x,1,DML,DML1,1614,117,3818,5432,0.70287187,1,3
TLES4386T,TLES30T,x,1,DML,DML1,1497,153,3935,5432,0.724410898,1,3
TLES4402T,TLES4386T,x,1,DML,DML1,1344,151,4088,5432,0.75257732,1,3
TLES4418T,TLES4402T,x,1,DML,DML1,1193,151,4239,5432,0.780375552,1,3
TLES4432T,TLES4418T,x,1,DML,DML1,1042,273,4390,5432,0.808173785,1,3
TDML4460T,TLES4432T,x,1,DML,DML1,769,174,4663,5432,0.858431517,1,3
TDML22T,TDML4460T,x,1,DML,DML1,595,175,4837,5432,0.890463918,1,3
TDML20T,TDML22T,x,1,DML,DML1,420,85,5012,5432,0.922680412,1,3
TDML18T,TDML20T,x,1,DML,DML1,335,61,5097,5432,0.938328424,1,3
TDML16TE,TDML18T,x,1,DML,DML1,274,169,5158,5432,0.949558174,1,3
TDML12T,TDML16TE,x,1,DML,DML1,105,105,5327,5432,0.980670103,1,3
TDML4536T,TDML12T,x,1,DML,DML1,0,107,5432,5432,1,1,3
TYIE12T,TYIE66T,x,1,BYV,BYV1,2007,70,0,0,0,0,3
TYIE16TC,TYIE12T,x,1,BYV,BYV1,1937,85,0,0,0,0,3
TYIE24TE,TYIE16TC,x,1,BYV,BYV1,1860,77,0,0,0,0,3
TYIE16TD,TYIE18T,x,1,YIE,YIE1,250,85,0,0,0,0,3
TYIE24TA,TYIE16TD,x,1,YIE,YIE1,165,77,0,0,0,0,3
TYIE10T,TYIE24TA,x,1,YIE,YIE1,88,88,0,0,0,0,3
TYIE2T,TYIE10T,x,1,YIE,YIE1,0,106,0,0,0,0,3
TDML16TC,TDML18T,x,2,DML,DML2,293,85,0,0,0,0,3
TDML24TE,TDML16TC,x,2,DML,DML2,208,106,0,0,0,0,3
TDML10T,TDML24TE,x,2,DML,DML2,102,102,0,0,0,0,3
TDMLA4536T,TDML10T,x,2,DML,DML2,0,110,0,0,0,0,3
TDML12T,TDML4536T,x,2,LES,LES2,1610,102,0,0,0,0,3
TDML16TD,TDML12T,x,2,LES,LES2,1593,85,0,0,0,0,3
TYIE24TA,TDML16TD,x,2,LES,LES2,1508,154,0,0,0,0,3
TDML8T,TDML4536T,x,1,DML,DML1,66,66,0,0,0,0,3
TDML4536T,TDML8T,x,1,DML,DML1,0,107,0,0,0,0,3
TDML6T,TDMLA4536T,x,2,DML,DML2,85,85,0,0,0,0,3
TYIE66T,TYIW8TB,x,2,YIE,YIE2,0,50,0,0,0,0,3
TYIW8TB,TYIE66T,x,2,YIE,YIE2,50,0,0,0,0,0,3
